USE Consensus_DB;
INSERT INTO Users (UserID, Name, PoliticalParty, Bio) VALUES
  (1, 'Bea Annell', 'Party of the European Left', 'sit amet consectetuer adipiscing elit proin risus praesent lectus vestibulum quam'),
  (2, 'Amery Glancey', 'European Democratic Party', 'duis faucibus accumsan odio curabitur convallis duis consequat dui nec nisi volutpat eleifend donec ut dolor morbi vel lectus'),
  (3, 'Sofie Ianizzi', 'Party of the European Left', 'porttitor pede justo eu massa donec dapibus duis at velit eu'),
  (4, 'Orsa Torrent', 'European People''s Party', 'porta volutpat quam pede lobortis ligula sit amet eleifend pede libero quis orci'),
  (5, 'Elfreda Morrel', 'European Free Alliance', 'nulla tellus in sagittis dui vel nisl duis ac nibh fusce lacus purus aliquet at feugiat non pretium quis'),
  (6, 'Muffin Rousel', 'European Free Alliance', 'nibh fusce lacus purus aliquet at feugiat non pretium quis lectus'),
  (7, 'Bogey Cummine', 'European Democratic Party', 'turpis nec euismod scelerisque quam turpis adipiscing lorem vitae mattis nibh'),
  (8, 'Currie Storrar', 'European Democratic Party', 'cubilia curae nulla dapibus dolor vel est donec odio justo sollicitudin ut suscipit a feugiat et eros vestibulum ac est'),
  (9, 'Bennie Ebbing', 'European People''s Party', 'at turpis donec posuere metus vitae ipsum aliquam non mauris morbi non lectus aliquam sit'),
  (10, 'Anestassia Marcombe', 'Party of European Socialists', 'luctus et ultrices posuere cubilia curae mauris viverra diam vitae'),
  (11, 'Jarret McGrorty', 'European Free Alliance', 'turpis elementum ligula vehicula consequat morbi a ipsum integer a'),
  (12, 'Elmore Deem', 'European Democratic Party', 'nulla sed accumsan felis ut at dolor quis odio consequat varius integer ac leo pellentesque ultrices'),
  (13, 'Teador Beville', 'Party of European Socialists', 'in lacus curabitur at ipsum ac tellus semper interdum mauris ullamcorper'),
  (14, 'Stephanus Humphris', 'European Green Party', 'metus arcu adipiscing molestie hendrerit at vulputate vitae nisl aenean lectus pellentesque'),
  (15, 'Marietta Maskall', 'Party of the European Left', 'neque vestibulum eget vulputate ut ultrices vel augue vestibulum ante ipsum primis in faucibus orci luctus'),
  (16, 'Annmaria Philipot', 'European People''s Party', 'faucibus orci luctus et ultrices posuere cubilia curae duis faucibus accumsan odio curabitur convallis duis consequat dui nec'),
  (17, 'Yvette Norquay', 'Party of European Socialists', 'pede venenatis non sodales sed tincidunt eu felis fusce posuere felis'),
  (18, 'Neall Whittington', 'European People''s Party', 'ultrices posuere cubilia curae duis faucibus accumsan odio curabitur convallis duis');
INSERT INTO Graphs (GraphID, XAxis, XMin, XMax, XStep, Population, GDP_per_capita, Trade_union_density, Unemployment_rate, Health, Education, Housing, Community_development, Corporate_tax_rate, Inflation, IRLT, Region_East_Asia_and_Pacific, Region_Europe_and_Central_Asia, Region_Latin_America_and_Caribbean, Region_Middle_East_and_North_Africa) VALUES
  (1, 'Health', 0, 0.1, 20, 20596121, 17512.9, 27.6, 15.629, 0.0898, 0.0447, 0.0008, 0.0022, 26.78, 3.5036, 0.358, 0, 0, 1, 0),
  (2, 'Health', 0, 0.1, 20, 39141824, 37857.5, 17.1, 4.245, 0.0755, 0.0769, 0.0019, 0.0005, 28.68, 1.4113, 6.365, 0, 0, 0, 1),
  (3, 'Population', 0, 100000000, 20, 61680687, 83825.7, 25.3, 9.159, 0.061, 0.0547, 0.0029, 0.0005, 21.39, 1.9096, 2.638, 0, 0, 0, 1),
  (4, 'Unemployment_rate', 0, 20, 20, 26571085, 69819.3, 20.3, 10.497, 0.0746, 0.0644, 0.0053, 0.0029, 25.07, 0.0898, 4.229, 0, 0, 1, 0),
  (5, 'Education', 0, 0.1, 20, 34960639, 59990.2, 45.4, 9.108, 0.0898, 0.0568, 0.0042, 0.0024, 30.74, 3.9743, 0.186, 1, 0, 0, 0),
  (6, 'Housing', 0, 0.01, 20, 42011821, 40219.6, 37.4, 5.679, 0.0947, 0.0504, 0.005, 0.0014, 27.65, 4.1813, 4.034, 0, 0, 0, 1),
  (7, 'Community_development', 0, 0.005, 20, 4408538, 2337.5, 40.5, 7.043, 0.0447, 0.0678, 0.0007, 0.0011, 24.77, 3.1057, 5.086, 1, 0, 0, 0),
  (8, 'Housing', 0, 0.01, 20, 61564748, 48564.3, 19.4, 10.939, 0.0572, 0.0504, 0.0006, 0.003, 38.95, 1.767, 4.631, 1, 0, 0, 0),
  (9, 'Population', 0, 100000000, 20, 8377524, 96981.0, 20.9, 11.215, 0.0428, 0.0293, 0.0003, 0.0005, 34.38, 4.6849, 4.633, 1, 0, 0, 0),
  (10, 'Community_development', 0, 0.005, 20, 21588921, 50325.6, 4.5, 7.67, 0.0781, 0.0313, 0.0042, 0.0033, 24.6, 6.7444, 3.62, 1, 0, 0, 0),
  (11, 'Housing', 0, 0.01, 20, 32405765, 25220.2, 49.1, 6.449, 0.0453, 0.045, 0.0043, 0.0063, 25.27, 0.904, 1.955, 0, 1, 0, 0),
  (12, 'Trade_union_density', 0, 80, 20, 39916740, 47696.2, 60.3, 7.551, 0.083, 0.0374, 0.0033, 0.0044, 21.17, 3.9995, 4.283, 0, 0, 1, 0),
  (13, 'Community_development', 0, 0.005, 20, 38252794, 54219.4, 16.3, 11.706, 0.0983, 0.0422, 0.0057, 0.0011, 28.64, 0.5365, 2.503, 0, 1, 0, 0),
  (14, 'Unemployment_rate', 0, 20, 20, 4400477, 57731.1, 29.0, 12.849, 0.0538, 0.0348, 0.002, 0.0042, 26.67, 0.9928, 3.576, 0, 1, 0, 0),
  (15, 'Unemployment_rate', 0, 20, 20, 6116076, 7630.1, 53.9, 4.611, 0.0557, 0.0498, 0.0036, 0.0017, 24.23, 3.0206, 5.35, 0, 1, 0, 0),
  (16, 'Unemployment_rate', 0, 20, 20, 58569510, 8038.7, 32.2, 4.143, 0.0688, 0.0515, 0.0037, 0.003, 30.38, 1.0905, 2.705, 0, 0, 1, 0),
  (17, 'Unemployment_rate', 0, 20, 20, 35618984, 38449.7, 22.0, 3.943, 0.0333, 0.0433, 0.0052, 0.0031, 23.2, 0.2145, 2.684, 0, 0, 1, 0),
  (18, 'Population', 0, 100000000, 20, 50468653, 54134.5, 7.0, 7.249, 0.0843, 0.0417, 0.0049, 0.0016, 25.32, 2.0742, 2.726, 0, 0, 1, 0),
  (19, 'Trade_union_density', 0, 80, 20, 36649444, 16876.3, 33.5, 6.048, 0.0542, 0.0366, 0.0033, 0.0021, 27.23, 2.5018, 7.661, 0, 0, 0, 1),
  (20, 'Population', 0, 100000000, 20, 23439959, 46733.8, 37.9, 9.692, 0.0643, 0.0547, 0.0021, 0.0035, 18.71, 4.067, 4.625, 1, 0, 0, 0),
  (21, 'GDP_per_capita', 0, 100000, 20, 28707408, 68103.0, 15.7, 9.16, 0.0525, 0.0717, 0.0032, 0.003, 26.82, 2.1464, 3.84, 0, 1, 0, 0),
  (22, 'Population', 0, 100000000, 20, 22973815, 80554.4, 61.7, 10.503, 0.0444, 0.0492, 0.0044, 0.0025, 27.9, 1.25, 2.088, 0, 1, 0, 0),
  (23, 'Housing', 0, 0.01, 20, 73524901, 62958.6, 13.0, 1.982, 0.0615, 0.0445, 0.0037, 0.0048, 27.81, 0.8501, 1.855, 0, 0, 1, 0),
  (24, 'Population', 0, 100000000, 20, 6784165, 80420.4, 24.7, 8.25, 0.0905, 0.0472, 0.0047, 0.0023, 32.83, 0.8543, 1.564, 0, 0, 0, 1),
  (25, 'Education', 0, 0.1, 20, 71593876, 16140.4, 40.5, 14.844, 0.0653, 0.0568, 0.0033, 0.0002, 28.42, 0.5823, 3.148, 1, 0, 0, 0),
  (26, 'Unemployment_rate', 0, 20, 20, 18684106, 22618.2, 7.7, 3.097, 0.0822, 0.0688, 0.0013, 0.0036, 9.14, 5.7855, 5.805, 0, 1, 0, 0),
  (27, 'Community_development', 0, 0.005, 20, 19681686, 65757.7, 41.3, 5.436, 0.0651, 0.0423, 0.0001, 0.0009, 29.06, 0.9318, 1.282, 0, 0, 1, 0),
  (28, 'Housing', 0, 0.01, 20, 5881505, 18122.2, 47.2, 11.087, 0.0704, 0.0362, 0.0001, 0.004, 32.4, 1.616, 4.185, 1, 0, 0, 0),
  (29, 'GDP_per_capita', 0, 100000, 20, 10332775, 62174.9, 41.5, 11.375, 0.0422, 0.0494, 0.0007, 0.0034, 23.08, 1.2079, 1.686, 1, 0, 0, 0),
  (30, 'Community_development', 0, 0.005, 20, 31960337, 46330.9, 62.6, 6.207, 0.096, 0.0706, 0.005, 0.0011, 31.38, 1.0382, 2.162, 1, 0, 0, 0),
  (31, 'Trade_union_density', 0, 80, 20, 27331259, 53942.7, 19.3, 4.813, 0.0657, 0.0498, 0.0072, 0.0043, 13.81, 3.8961, 2.816, 0, 0, 0, 1),
  (32, 'Trade_union_density', 0, 80, 20, 9713531, 12365.8, 13.0, 9.607, 0.0514, 0.0524, 0.0115, 0.0021, 20.01, 5.2457, 1.363, 0, 0, 1, 0),
  (33, 'Trade_union_density', 0, 80, 20, 8979933, 10219.2, 8.0, 4.851, 0.065, 0.052, 0.0018, 0.0023, 32.39, 0.7261, 0.84, 0, 0, 1, 0),
  (34, 'Unemployment_rate', 0, 20, 20, 35779415, 21949.7, 46.1, 6.008, 0.0633, 0.0436, 0.0057, 0.0012, 21.26, 4.8764, 2.102, 0, 1, 0, 0),
  (35, 'Health', 0, 0.1, 20, 39533646, 33391.2, 62.8, 14.75, 0.0831, 0.0495, 0.0073, 0.0025, 14.28, 4.2597, 2.552, 1, 0, 0, 0),
  (36, 'GDP_per_capita', 0, 100000, 20, 18727713, 46970.0, 58.2, 4.31, 0.0437, 0.0451, 0.0019, 0.0013, 16.9, 2.5743, 3.516, 0, 0, 1, 0),
  (37, 'Housing', 0, 0.01, 20, 20044944, 43673.4, 59.4, 10.941, 0.0533, 0.0702, 0.0059, 0.0026, 21.41, 2.1352, 7.528, 0, 0, 1, 0),
  (38, 'Population', 0, 100000000, 20, 45484786, 33397.4, 26.9, 11.88, 0.0496, 0.0378, 0.0009, 0.0006, 29.06, 2.0799, 4.36, 0, 0, 0, 1),
  (39, 'GDP_per_capita', 0, 100000, 20, 44345265, 52616.0, 29.0, 11.157, 0.1116, 0.0448, 0.005, 0.0036, 29.49, 4.2324, 1.871, 1, 0, 0, 0),
  (40, 'GDP_per_capita', 0, 100000, 20, 27459299, 43166.3, 46.8, 15.171, 0.0488, 0.0282, 0.0058, 0.0016, 17.92, 4.3875, 4.817, 0, 1, 0, 0);
INSERT INTO Posts (PostID, Title, Description, CreatedAt, UserID, GraphID) VALUES
  (1, 'service-desk', 'Cum sociis natoque penatibus et magnis dis parturient montes, nascetur ridiculus mus. Vivamus vestibulum sagittis sapien. Cum sociis natoque penatibus et magnis dis parturient montes, nascetur ridiculus mus.

Etiam vel augue. Vestibulum rutrum rutrum neque. Aenean auctor gravida sem.', '2024-02-17', 11, 7),
  (2, 'reciprocal', 'Suspendisse potenti. In eleifend quam a odio. In hac habitasse platea dictumst.

Maecenas ut massa quis augue luctus tincidunt. Nulla mollis molestie lorem. Quisque ut erat.

Curabitur gravida nisi at nibh. In hac habitasse platea dictumst. Aliquam augue quam, sollicitudin vitae, consectetuer eget, rutrum at, lorem.

Integer tincidunt ante vel ipsum. Praesent blandit lacinia erat. Vestibulum sed magna at nunc commodo placerat.', '2024-02-17', 7, 32),
  (3, 'Decentralized', 'Lorem ipsum dolor sit amet, consectetuer adipiscing elit. Proin risus. Praesent lectus.

Vestibulum quam sapien, varius ut, blandit non, interdum in, ante. Vestibulum ante ipsum primis in faucibus orci luctus et ultrices posuere cubilia Curae; Duis faucibus accumsan odio. Curabitur convallis.', '2024-03-29', 14, 17),
  (4, 'web-enabled', 'Proin eu mi. Nulla ac enim. In tempor, turpis nec euismod scelerisque, quam turpis adipiscing lorem, vitae mattis nibh ligula nec sem.

Duis aliquam convallis nunc. Proin at turpis a pede posuere nonummy. Integer non velit.

Donec diam neque, vestibulum eget, vulputate ut, ultrices vel, augue. Vestibulum ante ipsum primis in faucibus orci luctus et ultrices posuere cubilia Curae; Donec pharetra, magna vestibulum aliquet ultrices, erat tortor sollicitudin mi, sit amet lobortis sapien sapien non mi. Integer ac neque.

Duis bibendum. Morbi non quam nec dui luctus rutrum. Nulla tellus.

In sagittis dui vel nisl. Duis ac nibh. Fusce lacus purus, aliquet at, feugiat non, pretium quis, lectus.', '2024-12-29', 13, 24),
  (5, 'forecast', 'Duis aliquam convallis nunc. Proin at turpis a pede posuere nonummy. Integer non velit.

Donec diam neque, vestibulum eget, vulputate ut, ultrices vel, augue. Vestibulum ante ipsum primis in faucibus orci luctus et ultrices posuere cubilia Curae; Donec pharetra, magna vestibulum aliquet ultrices, erat tortor sollicitudin mi, sit amet lobortis sapien sapien non mi. Integer ac neque.

Duis bibendum. Morbi non quam nec dui luctus rutrum. Nulla tellus.', '2024-01-16', 7, 3),
  (6, 'Robust', 'Cum sociis natoque penatibus et magnis dis parturient montes, nascetur ridiculus mus. Vivamus vestibulum sagittis sapien. Cum sociis natoque penatibus et magnis dis parturient montes, nascetur ridiculus mus.

Etiam vel augue. Vestibulum rutrum rutrum neque. Aenean auctor gravida sem.

Praesent id massa id nisl venenatis lacinia. Aenean sit amet justo. Morbi ut odio.

Cras mi pede, malesuada in, imperdiet et, commodo vulputate, justo. In blandit ultrices enim. Lorem ipsum dolor sit amet, consectetuer adipiscing elit.

Proin interdum mauris non ligula pellentesque ultrices. Phasellus id sapien in sapien iaculis congue. Vivamus metus arcu, adipiscing molestie, hendrerit at, vulputate vitae, nisl.', '2024-05-14', 3, 32),
  (7, 'Multi-tiered', 'Cras non velit nec nisi vulputate nonummy. Maecenas tincidunt lacus at velit. Vivamus vel nulla eget eros elementum pellentesque.

Quisque porta volutpat erat. Quisque erat eros, viverra eget, congue eget, semper rutrum, nulla. Nunc purus.', '2024-11-16', 11, 39),
  (8, 'concept', 'Aenean fermentum. Donec ut mauris eget massa tempor convallis. Nulla neque libero, convallis eget, eleifend luctus, ultricies eu, nibh.

Quisque id justo sit amet sapien dignissim vestibulum. Vestibulum ante ipsum primis in faucibus orci luctus et ultrices posuere cubilia Curae; Nulla dapibus dolor vel est. Donec odio justo, sollicitudin ut, suscipit a, feugiat et, eros.

Vestibulum ac est lacinia nisi venenatis tristique. Fusce congue, diam id ornare imperdiet, sapien urna pretium nisl, ut volutpat sapien arcu sed augue. Aliquam erat volutpat.

In congue. Etiam justo. Etiam pretium iaculis justo.

In hac habitasse platea dictumst. Etiam faucibus cursus urna. Ut tellus.

Nulla ut erat id mauris vulputate elementum. Nullam varius. Nulla facilisi.', '2024-12-04', 12, 34),
  (9, 'model', 'Nullam sit amet turpis elementum ligula vehicula consequat. Morbi a ipsum. Integer a nibh.

In quis justo. Maecenas rhoncus aliquam lacus. Morbi quis tortor id nulla ultrices aliquet.

Maecenas leo odio, condimentum id, luctus nec, molestie sed, justo. Pellentesque viverra pede ac diam. Cras pellentesque volutpat dui.

Maecenas tristique, est et tempus semper, est quam pharetra magna, ac consequat metus sapien ut nunc. Vestibulum ante ipsum primis in faucibus orci luctus et ultrices posuere cubilia Curae; Mauris viverra diam vitae quam. Suspendisse potenti.

Nullam porttitor lacus at turpis. Donec posuere metus vitae ipsum. Aliquam non mauris.

Morbi non lectus. Aliquam sit amet diam in magna bibendum imperdiet. Nullam orci pede, venenatis non, sodales sed, tincidunt eu, felis.

Fusce posuere felis sed lacus. Morbi sem mauris, laoreet ut, rhoncus aliquet, pulvinar sed, nisl. Nunc rhoncus dui vel sem.

Sed sagittis. Nam congue, risus semper porta volutpat, quam pede lobortis ligula, sit amet eleifend pede libero quis orci. Nullam molestie nibh in lectus.', '2024-01-05', 12, 40),
  (10, 'knowledge user', 'In sagittis dui vel nisl. Duis ac nibh. Fusce lacus purus, aliquet at, feugiat non, pretium quis, lectus.

Suspendisse potenti. In eleifend quam a odio. In hac habitasse platea dictumst.

Maecenas ut massa quis augue luctus tincidunt. Nulla mollis molestie lorem. Quisque ut erat.', '2025-01-11', 6, 38),
  (11, 'circuit', 'Morbi porttitor lorem id ligula. Suspendisse ornare consequat lectus. In est risus, auctor sed, tristique in, tempus sit amet, sem.', '2025-05-24', 12, 34),
  (12, 'foreground', 'Cum sociis natoque penatibus et magnis dis parturient montes, nascetur ridiculus mus. Vivamus vestibulum sagittis sapien. Cum sociis natoque penatibus et magnis dis parturient montes, nascetur ridiculus mus.

Etiam vel augue. Vestibulum rutrum rutrum neque. Aenean auctor gravida sem.

Praesent id massa id nisl venenatis lacinia. Aenean sit amet justo. Morbi ut odio.', '2025-04-29', 9, 19),
  (13, 'Mandatory', 'Cum sociis natoque penatibus et magnis dis parturient montes, nascetur ridiculus mus. Vivamus vestibulum sagittis sapien. Cum sociis natoque penatibus et magnis dis parturient montes, nascetur ridiculus mus.

Etiam vel augue. Vestibulum rutrum rutrum neque. Aenean auctor gravida sem.

Praesent id massa id nisl venenatis lacinia. Aenean sit amet justo. Morbi ut odio.', '2025-05-26', 13, 24),
  (14, 'Decentralized', 'Curabitur in libero ut massa volutpat convallis. Morbi odio odio, elementum eu, interdum eu, tincidunt in, leo. Maecenas pulvinar lobortis est.

Phasellus sit amet erat. Nulla tempus. Vivamus in felis eu sapien cursus vestibulum.

Proin eu mi. Nulla ac enim. In tempor, turpis nec euismod scelerisque, quam turpis adipiscing lorem, vitae mattis nibh ligula nec sem.', '2024-10-30', 13, 16),
  (15, 'structure', 'Fusce posuere felis sed lacus. Morbi sem mauris, laoreet ut, rhoncus aliquet, pulvinar sed, nisl. Nunc rhoncus dui vel sem.

Sed sagittis. Nam congue, risus semper porta volutpat, quam pede lobortis ligula, sit amet eleifend pede libero quis orci. Nullam molestie nibh in lectus.

Pellentesque at nulla. Suspendisse potenti. Cras in purus eu magna vulputate luctus.

Cum sociis natoque penatibus et magnis dis parturient montes, nascetur ridiculus mus. Vivamus vestibulum sagittis sapien. Cum sociis natoque penatibus et magnis dis parturient montes, nascetur ridiculus mus.', '2024-06-10', 18, 9),
  (16, 'static', 'In hac habitasse platea dictumst. Etiam faucibus cursus urna. Ut tellus.

Nulla ut erat id mauris vulputate elementum. Nullam varius. Nulla facilisi.

Cras non velit nec nisi vulputate nonummy. Maecenas tincidunt lacus at velit. Vivamus vel nulla eget eros elementum pellentesque.

Quisque porta volutpat erat. Quisque erat eros, viverra eget, congue eget, semper rutrum, nulla. Nunc purus.

Phasellus in felis. Donec semper sapien a libero. Nam dui.

Proin leo odio, porttitor id, consequat in, consequat ut, nulla. Sed accumsan felis. Ut at dolor quis odio consequat varius.

Integer ac leo. Pellentesque ultrices mattis odio. Donec vitae nisi.', '2025-03-24', 6, 3),
  (17, 'Object-based', 'Vestibulum ac est lacinia nisi venenatis tristique. Fusce congue, diam id ornare imperdiet, sapien urna pretium nisl, ut volutpat sapien arcu sed augue. Aliquam erat volutpat.

In congue. Etiam justo. Etiam pretium iaculis justo.

In hac habitasse platea dictumst. Etiam faucibus cursus urna. Ut tellus.

Nulla ut erat id mauris vulputate elementum. Nullam varius. Nulla facilisi.

Cras non velit nec nisi vulputate nonummy. Maecenas tincidunt lacus at velit. Vivamus vel nulla eget eros elementum pellentesque.

Quisque porta volutpat erat. Quisque erat eros, viverra eget, congue eget, semper rutrum, nulla. Nunc purus.

Phasellus in felis. Donec semper sapien a libero. Nam dui.', '2024-08-08', 3, 3),
  (18, 'Devolved', 'Duis bibendum, felis sed interdum venenatis, turpis enim blandit mi, in porttitor pede justo eu massa. Donec dapibus. Duis at velit eu est congue elementum.

In hac habitasse platea dictumst. Morbi vestibulum, velit id pretium iaculis, diam erat fermentum justo, nec condimentum neque sapien placerat ante. Nulla justo.

Aliquam quis turpis eget elit sodales scelerisque. Mauris sit amet eros. Suspendisse accumsan tortor quis turpis.

Sed ante. Vivamus tortor. Duis mattis egestas metus.

Aenean fermentum. Donec ut mauris eget massa tempor convallis. Nulla neque libero, convallis eget, eleifend luctus, ultricies eu, nibh.

Quisque id justo sit amet sapien dignissim vestibulum. Vestibulum ante ipsum primis in faucibus orci luctus et ultrices posuere cubilia Curae; Nulla dapibus dolor vel est. Donec odio justo, sollicitudin ut, suscipit a, feugiat et, eros.

Vestibulum ac est lacinia nisi venenatis tristique. Fusce congue, diam id ornare imperdiet, sapien urna pretium nisl, ut volutpat sapien arcu sed augue. Aliquam erat volutpat.

In congue. Etiam justo. Etiam pretium iaculis justo.', '2024-08-17', 2, 3),
  (19, 'Automated', 'Integer tincidunt ante vel ipsum. Praesent blandit lacinia erat. Vestibulum sed magna at nunc commodo placerat.

Praesent blandit. Nam nulla. Integer pede justo, lacinia eget, tincidunt eget, tempus vel, pede.

Morbi porttitor lorem id ligula. Suspendisse ornare consequat lectus. In est risus, auctor sed, tristique in, tempus sit amet, sem.

Fusce consequat. Nulla nisl. Nunc nisl.', '2025-05-02', 12, 21),
  (20, 'Balanced', 'Etiam vel augue. Vestibulum rutrum rutrum neque. Aenean auctor gravida sem.

Praesent id massa id nisl venenatis lacinia. Aenean sit amet justo. Morbi ut odio.

Cras mi pede, malesuada in, imperdiet et, commodo vulputate, justo. In blandit ultrices enim. Lorem ipsum dolor sit amet, consectetuer adipiscing elit.

Proin interdum mauris non ligula pellentesque ultrices. Phasellus id sapien in sapien iaculis congue. Vivamus metus arcu, adipiscing molestie, hendrerit at, vulputate vitae, nisl.

Aenean lectus. Pellentesque eget nunc. Donec quis orci eget orci vehicula condimentum.

Curabitur in libero ut massa volutpat convallis. Morbi odio odio, elementum eu, interdum eu, tincidunt in, leo. Maecenas pulvinar lobortis est.

Phasellus sit amet erat. Nulla tempus. Vivamus in felis eu sapien cursus vestibulum.', '2024-12-23', 5, 2),
  (21, 'interface', 'Maecenas leo odio, condimentum id, luctus nec, molestie sed, justo. Pellentesque viverra pede ac diam. Cras pellentesque volutpat dui.', '2024-01-24', 12, 31),
  (22, 'productivity', 'Proin eu mi. Nulla ac enim. In tempor, turpis nec euismod scelerisque, quam turpis adipiscing lorem, vitae mattis nibh ligula nec sem.', '2024-06-30', 6, 9),
  (23, 'firmware', 'Morbi non lectus. Aliquam sit amet diam in magna bibendum imperdiet. Nullam orci pede, venenatis non, sodales sed, tincidunt eu, felis.

Fusce posuere felis sed lacus. Morbi sem mauris, laoreet ut, rhoncus aliquet, pulvinar sed, nisl. Nunc rhoncus dui vel sem.

Sed sagittis. Nam congue, risus semper porta volutpat, quam pede lobortis ligula, sit amet eleifend pede libero quis orci. Nullam molestie nibh in lectus.

Pellentesque at nulla. Suspendisse potenti. Cras in purus eu magna vulputate luctus.', '2024-04-23', 10, 26),
  (24, 'Vision-oriented', 'Duis bibendum. Morbi non quam nec dui luctus rutrum. Nulla tellus.', '2025-03-27', 11, 13),
  (25, 'coherent', 'In hac habitasse platea dictumst. Etiam faucibus cursus urna. Ut tellus.

Nulla ut erat id mauris vulputate elementum. Nullam varius. Nulla facilisi.

Cras non velit nec nisi vulputate nonummy. Maecenas tincidunt lacus at velit. Vivamus vel nulla eget eros elementum pellentesque.

Quisque porta volutpat erat. Quisque erat eros, viverra eget, congue eget, semper rutrum, nulla. Nunc purus.

Phasellus in felis. Donec semper sapien a libero. Nam dui.

Proin leo odio, porttitor id, consequat in, consequat ut, nulla. Sed accumsan felis. Ut at dolor quis odio consequat varius.', '2025-04-19', 18, 27),
  (26, 'Sharable', 'Proin eu mi. Nulla ac enim. In tempor, turpis nec euismod scelerisque, quam turpis adipiscing lorem, vitae mattis nibh ligula nec sem.

Duis aliquam convallis nunc. Proin at turpis a pede posuere nonummy. Integer non velit.

Donec diam neque, vestibulum eget, vulputate ut, ultrices vel, augue. Vestibulum ante ipsum primis in faucibus orci luctus et ultrices posuere cubilia Curae; Donec pharetra, magna vestibulum aliquet ultrices, erat tortor sollicitudin mi, sit amet lobortis sapien sapien non mi. Integer ac neque.', '2025-05-30', 10, 6),
  (27, 'needs-based', 'Mauris enim leo, rhoncus sed, vestibulum sit amet, cursus id, turpis. Integer aliquet, massa id lobortis convallis, tortor risus dapibus augue, vel accumsan tellus nisi eu orci. Mauris lacinia sapien quis libero.

Nullam sit amet turpis elementum ligula vehicula consequat. Morbi a ipsum. Integer a nibh.

In quis justo. Maecenas rhoncus aliquam lacus. Morbi quis tortor id nulla ultrices aliquet.

Maecenas leo odio, condimentum id, luctus nec, molestie sed, justo. Pellentesque viverra pede ac diam. Cras pellentesque volutpat dui.', '2025-02-10', 13, 8),
  (28, 'help-desk', 'Sed sagittis. Nam congue, risus semper porta volutpat, quam pede lobortis ligula, sit amet eleifend pede libero quis orci. Nullam molestie nibh in lectus.

Pellentesque at nulla. Suspendisse potenti. Cras in purus eu magna vulputate luctus.', '2024-01-27', 7, 24),
  (29, 'projection', 'Nullam sit amet turpis elementum ligula vehicula consequat. Morbi a ipsum. Integer a nibh.', '2025-04-17', 14, 2),
  (30, 'executive', 'In sagittis dui vel nisl. Duis ac nibh. Fusce lacus purus, aliquet at, feugiat non, pretium quis, lectus.

Suspendisse potenti. In eleifend quam a odio. In hac habitasse platea dictumst.

Maecenas ut massa quis augue luctus tincidunt. Nulla mollis molestie lorem. Quisque ut erat.', '2025-02-08', 15, 18),
  (31, 'leverage', 'Cum sociis natoque penatibus et magnis dis parturient montes, nascetur ridiculus mus. Vivamus vestibulum sagittis sapien. Cum sociis natoque penatibus et magnis dis parturient montes, nascetur ridiculus mus.

Etiam vel augue. Vestibulum rutrum rutrum neque. Aenean auctor gravida sem.

Praesent id massa id nisl venenatis lacinia. Aenean sit amet justo. Morbi ut odio.

Cras mi pede, malesuada in, imperdiet et, commodo vulputate, justo. In blandit ultrices enim. Lorem ipsum dolor sit amet, consectetuer adipiscing elit.

Proin interdum mauris non ligula pellentesque ultrices. Phasellus id sapien in sapien iaculis congue. Vivamus metus arcu, adipiscing molestie, hendrerit at, vulputate vitae, nisl.

Aenean lectus. Pellentesque eget nunc. Donec quis orci eget orci vehicula condimentum.', '2025-03-29', 2, 33),
  (32, 'stable', 'Curabitur in libero ut massa volutpat convallis. Morbi odio odio, elementum eu, interdum eu, tincidunt in, leo. Maecenas pulvinar lobortis est.', '2024-02-02', 10, 24),
  (33, 'systemic', 'Praesent blandit. Nam nulla. Integer pede justo, lacinia eget, tincidunt eget, tempus vel, pede.', '2024-06-17', 2, 1),
  (34, 'transitional', 'Morbi porttitor lorem id ligula. Suspendisse ornare consequat lectus. In est risus, auctor sed, tristique in, tempus sit amet, sem.

Fusce consequat. Nulla nisl. Nunc nisl.', '2025-03-15', 1, 35),
  (35, 'ability', 'In quis justo. Maecenas rhoncus aliquam lacus. Morbi quis tortor id nulla ultrices aliquet.

Maecenas leo odio, condimentum id, luctus nec, molestie sed, justo. Pellentesque viverra pede ac diam. Cras pellentesque volutpat dui.

Maecenas tristique, est et tempus semper, est quam pharetra magna, ac consequat metus sapien ut nunc. Vestibulum ante ipsum primis in faucibus orci luctus et ultrices posuere cubilia Curae; Mauris viverra diam vitae quam. Suspendisse potenti.

Nullam porttitor lacus at turpis. Donec posuere metus vitae ipsum. Aliquam non mauris.

Morbi non lectus. Aliquam sit amet diam in magna bibendum imperdiet. Nullam orci pede, venenatis non, sodales sed, tincidunt eu, felis.

Fusce posuere felis sed lacus. Morbi sem mauris, laoreet ut, rhoncus aliquet, pulvinar sed, nisl. Nunc rhoncus dui vel sem.

Sed sagittis. Nam congue, risus semper porta volutpat, quam pede lobortis ligula, sit amet eleifend pede libero quis orci. Nullam molestie nibh in lectus.

Pellentesque at nulla. Suspendisse potenti. Cras in purus eu magna vulputate luctus.', '2024-08-28', 11, 7),
  (36, 'dynamic', 'Quisque id justo sit amet sapien dignissim vestibulum. Vestibulum ante ipsum primis in faucibus orci luctus et ultrices posuere cubilia Curae; Nulla dapibus dolor vel est. Donec odio justo, sollicitudin ut, suscipit a, feugiat et, eros.

Vestibulum ac est lacinia nisi venenatis tristique. Fusce congue, diam id ornare imperdiet, sapien urna pretium nisl, ut volutpat sapien arcu sed augue. Aliquam erat volutpat.', '2023-12-24', 11, 23),
  (37, 'process improvement', 'Quisque porta volutpat erat. Quisque erat eros, viverra eget, congue eget, semper rutrum, nulla. Nunc purus.

Phasellus in felis. Donec semper sapien a libero. Nam dui.

Proin leo odio, porttitor id, consequat in, consequat ut, nulla. Sed accumsan felis. Ut at dolor quis odio consequat varius.

Integer ac leo. Pellentesque ultrices mattis odio. Donec vitae nisi.

Nam ultrices, libero non mattis pulvinar, nulla pede ullamcorper augue, a suscipit nulla elit ac nulla. Sed vel enim sit amet nunc viverra dapibus. Nulla suscipit ligula in lacus.

Curabitur at ipsum ac tellus semper interdum. Mauris ullamcorper purus sit amet nulla. Quisque arcu libero, rutrum ac, lobortis vel, dapibus at, diam.', '2024-07-20', 10, 7),
  (38, 'Ergonomic', 'Phasellus sit amet erat. Nulla tempus. Vivamus in felis eu sapien cursus vestibulum.', '2024-09-24', 5, 13),
  (39, 'alliance', 'Aenean fermentum. Donec ut mauris eget massa tempor convallis. Nulla neque libero, convallis eget, eleifend luctus, ultricies eu, nibh.

Quisque id justo sit amet sapien dignissim vestibulum. Vestibulum ante ipsum primis in faucibus orci luctus et ultrices posuere cubilia Curae; Nulla dapibus dolor vel est. Donec odio justo, sollicitudin ut, suscipit a, feugiat et, eros.', '2024-02-16', 18, 35),
  (40, 'success', 'In hac habitasse platea dictumst. Morbi vestibulum, velit id pretium iaculis, diam erat fermentum justo, nec condimentum neque sapien placerat ante. Nulla justo.', '2024-11-03', 17, 7),
  (41, 'adapter', 'Morbi non lectus. Aliquam sit amet diam in magna bibendum imperdiet. Nullam orci pede, venenatis non, sodales sed, tincidunt eu, felis.', '2025-04-22', 16, 2),
  (42, 'Advanced', 'Nulla ut erat id mauris vulputate elementum. Nullam varius. Nulla facilisi.

Cras non velit nec nisi vulputate nonummy. Maecenas tincidunt lacus at velit. Vivamus vel nulla eget eros elementum pellentesque.', '2025-05-13', 3, 10),
  (43, 'Re-contextualized', 'Proin eu mi. Nulla ac enim. In tempor, turpis nec euismod scelerisque, quam turpis adipiscing lorem, vitae mattis nibh ligula nec sem.', '2023-12-14', 7, 5),
  (44, 'Operative', 'Fusce posuere felis sed lacus. Morbi sem mauris, laoreet ut, rhoncus aliquet, pulvinar sed, nisl. Nunc rhoncus dui vel sem.', '2025-01-11', 5, 31),
  (45, 'content-based', 'Duis bibendum. Morbi non quam nec dui luctus rutrum. Nulla tellus.

In sagittis dui vel nisl. Duis ac nibh. Fusce lacus purus, aliquet at, feugiat non, pretium quis, lectus.', '2025-05-16', 10, 8),
  (46, 'Multi-channelled', 'In quis justo. Maecenas rhoncus aliquam lacus. Morbi quis tortor id nulla ultrices aliquet.

Maecenas leo odio, condimentum id, luctus nec, molestie sed, justo. Pellentesque viverra pede ac diam. Cras pellentesque volutpat dui.

Maecenas tristique, est et tempus semper, est quam pharetra magna, ac consequat metus sapien ut nunc. Vestibulum ante ipsum primis in faucibus orci luctus et ultrices posuere cubilia Curae; Mauris viverra diam vitae quam. Suspendisse potenti.', '2024-12-04', 8, 9),
  (47, 'installation', 'Lorem ipsum dolor sit amet, consectetuer adipiscing elit. Proin risus. Praesent lectus.', '2024-06-03', 1, 2),
  (48, 'Robust', 'Cum sociis natoque penatibus et magnis dis parturient montes, nascetur ridiculus mus. Vivamus vestibulum sagittis sapien. Cum sociis natoque penatibus et magnis dis parturient montes, nascetur ridiculus mus.

Etiam vel augue. Vestibulum rutrum rutrum neque. Aenean auctor gravida sem.

Praesent id massa id nisl venenatis lacinia. Aenean sit amet justo. Morbi ut odio.

Cras mi pede, malesuada in, imperdiet et, commodo vulputate, justo. In blandit ultrices enim. Lorem ipsum dolor sit amet, consectetuer adipiscing elit.

Proin interdum mauris non ligula pellentesque ultrices. Phasellus id sapien in sapien iaculis congue. Vivamus metus arcu, adipiscing molestie, hendrerit at, vulputate vitae, nisl.

Aenean lectus. Pellentesque eget nunc. Donec quis orci eget orci vehicula condimentum.', '2025-02-11', 4, 2),
  (49, 'open system', 'In sagittis dui vel nisl. Duis ac nibh. Fusce lacus purus, aliquet at, feugiat non, pretium quis, lectus.', '2024-02-10', 9, 38),
  (50, 'throughput', 'Fusce posuere felis sed lacus. Morbi sem mauris, laoreet ut, rhoncus aliquet, pulvinar sed, nisl. Nunc rhoncus dui vel sem.

Sed sagittis. Nam congue, risus semper porta volutpat, quam pede lobortis ligula, sit amet eleifend pede libero quis orci. Nullam molestie nibh in lectus.

Pellentesque at nulla. Suspendisse potenti. Cras in purus eu magna vulputate luctus.

Cum sociis natoque penatibus et magnis dis parturient montes, nascetur ridiculus mus. Vivamus vestibulum sagittis sapien. Cum sociis natoque penatibus et magnis dis parturient montes, nascetur ridiculus mus.

Etiam vel augue. Vestibulum rutrum rutrum neque. Aenean auctor gravida sem.

Praesent id massa id nisl venenatis lacinia. Aenean sit amet justo. Morbi ut odio.

Cras mi pede, malesuada in, imperdiet et, commodo vulputate, justo. In blandit ultrices enim. Lorem ipsum dolor sit amet, consectetuer adipiscing elit.', '2023-12-19', 4, 30),
  (51, 'zero defect', 'In congue. Etiam justo. Etiam pretium iaculis justo.', '2023-12-29', 7, 14),
  (52, 'user-facing', 'In sagittis dui vel nisl. Duis ac nibh. Fusce lacus purus, aliquet at, feugiat non, pretium quis, lectus.

Suspendisse potenti. In eleifend quam a odio. In hac habitasse platea dictumst.

Maecenas ut massa quis augue luctus tincidunt. Nulla mollis molestie lorem. Quisque ut erat.

Curabitur gravida nisi at nibh. In hac habitasse platea dictumst. Aliquam augue quam, sollicitudin vitae, consectetuer eget, rutrum at, lorem.', '2024-06-12', 11, 26),
  (53, 'Switchable', 'Aenean fermentum. Donec ut mauris eget massa tempor convallis. Nulla neque libero, convallis eget, eleifend luctus, ultricies eu, nibh.

Quisque id justo sit amet sapien dignissim vestibulum. Vestibulum ante ipsum primis in faucibus orci luctus et ultrices posuere cubilia Curae; Nulla dapibus dolor vel est. Donec odio justo, sollicitudin ut, suscipit a, feugiat et, eros.

Vestibulum ac est lacinia nisi venenatis tristique. Fusce congue, diam id ornare imperdiet, sapien urna pretium nisl, ut volutpat sapien arcu sed augue. Aliquam erat volutpat.

In congue. Etiam justo. Etiam pretium iaculis justo.

In hac habitasse platea dictumst. Etiam faucibus cursus urna. Ut tellus.', '2025-02-03', 16, 31),
  (54, 'Stand-alone', 'Nullam porttitor lacus at turpis. Donec posuere metus vitae ipsum. Aliquam non mauris.

Morbi non lectus. Aliquam sit amet diam in magna bibendum imperdiet. Nullam orci pede, venenatis non, sodales sed, tincidunt eu, felis.

Fusce posuere felis sed lacus. Morbi sem mauris, laoreet ut, rhoncus aliquet, pulvinar sed, nisl. Nunc rhoncus dui vel sem.

Sed sagittis. Nam congue, risus semper porta volutpat, quam pede lobortis ligula, sit amet eleifend pede libero quis orci. Nullam molestie nibh in lectus.', '2025-03-23', 14, 24),
  (55, 'Reduced', 'In sagittis dui vel nisl. Duis ac nibh. Fusce lacus purus, aliquet at, feugiat non, pretium quis, lectus.

Suspendisse potenti. In eleifend quam a odio. In hac habitasse platea dictumst.

Maecenas ut massa quis augue luctus tincidunt. Nulla mollis molestie lorem. Quisque ut erat.

Curabitur gravida nisi at nibh. In hac habitasse platea dictumst. Aliquam augue quam, sollicitudin vitae, consectetuer eget, rutrum at, lorem.

Integer tincidunt ante vel ipsum. Praesent blandit lacinia erat. Vestibulum sed magna at nunc commodo placerat.

Praesent blandit. Nam nulla. Integer pede justo, lacinia eget, tincidunt eget, tempus vel, pede.

Morbi porttitor lorem id ligula. Suspendisse ornare consequat lectus. In est risus, auctor sed, tristique in, tempus sit amet, sem.

Fusce consequat. Nulla nisl. Nunc nisl.', '2025-06-04', 5, 23),
  (56, 'capability', 'Lorem ipsum dolor sit amet, consectetuer adipiscing elit. Proin risus. Praesent lectus.

Vestibulum quam sapien, varius ut, blandit non, interdum in, ante. Vestibulum ante ipsum primis in faucibus orci luctus et ultrices posuere cubilia Curae; Duis faucibus accumsan odio. Curabitur convallis.

Duis consequat dui nec nisi volutpat eleifend. Donec ut dolor. Morbi vel lectus in quam fringilla rhoncus.

Mauris enim leo, rhoncus sed, vestibulum sit amet, cursus id, turpis. Integer aliquet, massa id lobortis convallis, tortor risus dapibus augue, vel accumsan tellus nisi eu orci. Mauris lacinia sapien quis libero.

Nullam sit amet turpis elementum ligula vehicula consequat. Morbi a ipsum. Integer a nibh.', '2024-08-25', 9, 22),
  (57, 'Re-contextualized', 'Vestibulum quam sapien, varius ut, blandit non, interdum in, ante. Vestibulum ante ipsum primis in faucibus orci luctus et ultrices posuere cubilia Curae; Duis faucibus accumsan odio. Curabitur convallis.

Duis consequat dui nec nisi volutpat eleifend. Donec ut dolor. Morbi vel lectus in quam fringilla rhoncus.

Mauris enim leo, rhoncus sed, vestibulum sit amet, cursus id, turpis. Integer aliquet, massa id lobortis convallis, tortor risus dapibus augue, vel accumsan tellus nisi eu orci. Mauris lacinia sapien quis libero.

Nullam sit amet turpis elementum ligula vehicula consequat. Morbi a ipsum. Integer a nibh.

In quis justo. Maecenas rhoncus aliquam lacus. Morbi quis tortor id nulla ultrices aliquet.

Maecenas leo odio, condimentum id, luctus nec, molestie sed, justo. Pellentesque viverra pede ac diam. Cras pellentesque volutpat dui.

Maecenas tristique, est et tempus semper, est quam pharetra magna, ac consequat metus sapien ut nunc. Vestibulum ante ipsum primis in faucibus orci luctus et ultrices posuere cubilia Curae; Mauris viverra diam vitae quam. Suspendisse potenti.

Nullam porttitor lacus at turpis. Donec posuere metus vitae ipsum. Aliquam non mauris.', '2024-03-19', 10, 5),
  (58, 'Virtual', 'Morbi porttitor lorem id ligula. Suspendisse ornare consequat lectus. In est risus, auctor sed, tristique in, tempus sit amet, sem.

Fusce consequat. Nulla nisl. Nunc nisl.

Duis bibendum, felis sed interdum venenatis, turpis enim blandit mi, in porttitor pede justo eu massa. Donec dapibus. Duis at velit eu est congue elementum.

In hac habitasse platea dictumst. Morbi vestibulum, velit id pretium iaculis, diam erat fermentum justo, nec condimentum neque sapien placerat ante. Nulla justo.

Aliquam quis turpis eget elit sodales scelerisque. Mauris sit amet eros. Suspendisse accumsan tortor quis turpis.

Sed ante. Vivamus tortor. Duis mattis egestas metus.

Aenean fermentum. Donec ut mauris eget massa tempor convallis. Nulla neque libero, convallis eget, eleifend luctus, ultricies eu, nibh.', '2025-01-26', 4, 13),
  (59, 'Adaptive', 'Duis bibendum, felis sed interdum venenatis, turpis enim blandit mi, in porttitor pede justo eu massa. Donec dapibus. Duis at velit eu est congue elementum.', '2024-01-05', 9, 33),
  (60, 'secured line', 'Nullam sit amet turpis elementum ligula vehicula consequat. Morbi a ipsum. Integer a nibh.

In quis justo. Maecenas rhoncus aliquam lacus. Morbi quis tortor id nulla ultrices aliquet.

Maecenas leo odio, condimentum id, luctus nec, molestie sed, justo. Pellentesque viverra pede ac diam. Cras pellentesque volutpat dui.', '2024-11-04', 6, 25),
  (61, 'encoding', 'Praesent blandit. Nam nulla. Integer pede justo, lacinia eget, tincidunt eget, tempus vel, pede.

Morbi porttitor lorem id ligula. Suspendisse ornare consequat lectus. In est risus, auctor sed, tristique in, tempus sit amet, sem.

Fusce consequat. Nulla nisl. Nunc nisl.

Duis bibendum, felis sed interdum venenatis, turpis enim blandit mi, in porttitor pede justo eu massa. Donec dapibus. Duis at velit eu est congue elementum.

In hac habitasse platea dictumst. Morbi vestibulum, velit id pretium iaculis, diam erat fermentum justo, nec condimentum neque sapien placerat ante. Nulla justo.

Aliquam quis turpis eget elit sodales scelerisque. Mauris sit amet eros. Suspendisse accumsan tortor quis turpis.', '2025-04-09', 9, 29),
  (62, 'moderator', 'Duis bibendum. Morbi non quam nec dui luctus rutrum. Nulla tellus.

In sagittis dui vel nisl. Duis ac nibh. Fusce lacus purus, aliquet at, feugiat non, pretium quis, lectus.

Suspendisse potenti. In eleifend quam a odio. In hac habitasse platea dictumst.', '2024-10-03', 17, 20),
  (63, 'Centralized', 'Nullam porttitor lacus at turpis. Donec posuere metus vitae ipsum. Aliquam non mauris.', '2024-01-11', 15, 15),
  (64, 'radical', 'Nulla ut erat id mauris vulputate elementum. Nullam varius. Nulla facilisi.

Cras non velit nec nisi vulputate nonummy. Maecenas tincidunt lacus at velit. Vivamus vel nulla eget eros elementum pellentesque.

Quisque porta volutpat erat. Quisque erat eros, viverra eget, congue eget, semper rutrum, nulla. Nunc purus.

Phasellus in felis. Donec semper sapien a libero. Nam dui.

Proin leo odio, porttitor id, consequat in, consequat ut, nulla. Sed accumsan felis. Ut at dolor quis odio consequat varius.

Integer ac leo. Pellentesque ultrices mattis odio. Donec vitae nisi.', '2024-08-30', 5, 40),
  (65, 'User-friendly', 'Phasellus sit amet erat. Nulla tempus. Vivamus in felis eu sapien cursus vestibulum.

Proin eu mi. Nulla ac enim. In tempor, turpis nec euismod scelerisque, quam turpis adipiscing lorem, vitae mattis nibh ligula nec sem.

Duis aliquam convallis nunc. Proin at turpis a pede posuere nonummy. Integer non velit.

Donec diam neque, vestibulum eget, vulputate ut, ultrices vel, augue. Vestibulum ante ipsum primis in faucibus orci luctus et ultrices posuere cubilia Curae; Donec pharetra, magna vestibulum aliquet ultrices, erat tortor sollicitudin mi, sit amet lobortis sapien sapien non mi. Integer ac neque.

Duis bibendum. Morbi non quam nec dui luctus rutrum. Nulla tellus.

In sagittis dui vel nisl. Duis ac nibh. Fusce lacus purus, aliquet at, feugiat non, pretium quis, lectus.

Suspendisse potenti. In eleifend quam a odio. In hac habitasse platea dictumst.', '2024-08-08', 2, 12),
  (66, 'impactful', 'In hac habitasse platea dictumst. Morbi vestibulum, velit id pretium iaculis, diam erat fermentum justo, nec condimentum neque sapien placerat ante. Nulla justo.

Aliquam quis turpis eget elit sodales scelerisque. Mauris sit amet eros. Suspendisse accumsan tortor quis turpis.

Sed ante. Vivamus tortor. Duis mattis egestas metus.

Aenean fermentum. Donec ut mauris eget massa tempor convallis. Nulla neque libero, convallis eget, eleifend luctus, ultricies eu, nibh.

Quisque id justo sit amet sapien dignissim vestibulum. Vestibulum ante ipsum primis in faucibus orci luctus et ultrices posuere cubilia Curae; Nulla dapibus dolor vel est. Donec odio justo, sollicitudin ut, suscipit a, feugiat et, eros.

Vestibulum ac est lacinia nisi venenatis tristique. Fusce congue, diam id ornare imperdiet, sapien urna pretium nisl, ut volutpat sapien arcu sed augue. Aliquam erat volutpat.

In congue. Etiam justo. Etiam pretium iaculis justo.

In hac habitasse platea dictumst. Etiam faucibus cursus urna. Ut tellus.', '2024-08-21', 6, 35),
  (67, 'capacity', 'Donec diam neque, vestibulum eget, vulputate ut, ultrices vel, augue. Vestibulum ante ipsum primis in faucibus orci luctus et ultrices posuere cubilia Curae; Donec pharetra, magna vestibulum aliquet ultrices, erat tortor sollicitudin mi, sit amet lobortis sapien sapien non mi. Integer ac neque.

Duis bibendum. Morbi non quam nec dui luctus rutrum. Nulla tellus.

In sagittis dui vel nisl. Duis ac nibh. Fusce lacus purus, aliquet at, feugiat non, pretium quis, lectus.

Suspendisse potenti. In eleifend quam a odio. In hac habitasse platea dictumst.

Maecenas ut massa quis augue luctus tincidunt. Nulla mollis molestie lorem. Quisque ut erat.', '2024-01-29', 9, 33),
  (68, 'hub', 'Cras mi pede, malesuada in, imperdiet et, commodo vulputate, justo. In blandit ultrices enim. Lorem ipsum dolor sit amet, consectetuer adipiscing elit.

Proin interdum mauris non ligula pellentesque ultrices. Phasellus id sapien in sapien iaculis congue. Vivamus metus arcu, adipiscing molestie, hendrerit at, vulputate vitae, nisl.

Aenean lectus. Pellentesque eget nunc. Donec quis orci eget orci vehicula condimentum.

Curabitur in libero ut massa volutpat convallis. Morbi odio odio, elementum eu, interdum eu, tincidunt in, leo. Maecenas pulvinar lobortis est.

Phasellus sit amet erat. Nulla tempus. Vivamus in felis eu sapien cursus vestibulum.

Proin eu mi. Nulla ac enim. In tempor, turpis nec euismod scelerisque, quam turpis adipiscing lorem, vitae mattis nibh ligula nec sem.', '2025-05-04', 16, 5),
  (69, 'composite', 'Morbi non lectus. Aliquam sit amet diam in magna bibendum imperdiet. Nullam orci pede, venenatis non, sodales sed, tincidunt eu, felis.

Fusce posuere felis sed lacus. Morbi sem mauris, laoreet ut, rhoncus aliquet, pulvinar sed, nisl. Nunc rhoncus dui vel sem.

Sed sagittis. Nam congue, risus semper porta volutpat, quam pede lobortis ligula, sit amet eleifend pede libero quis orci. Nullam molestie nibh in lectus.

Pellentesque at nulla. Suspendisse potenti. Cras in purus eu magna vulputate luctus.

Cum sociis natoque penatibus et magnis dis parturient montes, nascetur ridiculus mus. Vivamus vestibulum sagittis sapien. Cum sociis natoque penatibus et magnis dis parturient montes, nascetur ridiculus mus.

Etiam vel augue. Vestibulum rutrum rutrum neque. Aenean auctor gravida sem.

Praesent id massa id nisl venenatis lacinia. Aenean sit amet justo. Morbi ut odio.', '2024-08-04', 3, 19),
  (70, 'Optimized', 'Cras non velit nec nisi vulputate nonummy. Maecenas tincidunt lacus at velit. Vivamus vel nulla eget eros elementum pellentesque.

Quisque porta volutpat erat. Quisque erat eros, viverra eget, congue eget, semper rutrum, nulla. Nunc purus.', '2024-12-12', 10, 39),
  (71, 'Automated', 'Aenean fermentum. Donec ut mauris eget massa tempor convallis. Nulla neque libero, convallis eget, eleifend luctus, ultricies eu, nibh.', '2024-11-28', 11, 15),
  (72, 'Virtual', 'Etiam vel augue. Vestibulum rutrum rutrum neque. Aenean auctor gravida sem.

Praesent id massa id nisl venenatis lacinia. Aenean sit amet justo. Morbi ut odio.

Cras mi pede, malesuada in, imperdiet et, commodo vulputate, justo. In blandit ultrices enim. Lorem ipsum dolor sit amet, consectetuer adipiscing elit.

Proin interdum mauris non ligula pellentesque ultrices. Phasellus id sapien in sapien iaculis congue. Vivamus metus arcu, adipiscing molestie, hendrerit at, vulputate vitae, nisl.

Aenean lectus. Pellentesque eget nunc. Donec quis orci eget orci vehicula condimentum.

Curabitur in libero ut massa volutpat convallis. Morbi odio odio, elementum eu, interdum eu, tincidunt in, leo. Maecenas pulvinar lobortis est.

Phasellus sit amet erat. Nulla tempus. Vivamus in felis eu sapien cursus vestibulum.

Proin eu mi. Nulla ac enim. In tempor, turpis nec euismod scelerisque, quam turpis adipiscing lorem, vitae mattis nibh ligula nec sem.', '2024-10-31', 18, 9),
  (73, 'Expanded', 'Curabitur gravida nisi at nibh. In hac habitasse platea dictumst. Aliquam augue quam, sollicitudin vitae, consectetuer eget, rutrum at, lorem.

Integer tincidunt ante vel ipsum. Praesent blandit lacinia erat. Vestibulum sed magna at nunc commodo placerat.', '2025-02-09', 10, 14),
  (74, 'encompassing', 'Morbi non lectus. Aliquam sit amet diam in magna bibendum imperdiet. Nullam orci pede, venenatis non, sodales sed, tincidunt eu, felis.

Fusce posuere felis sed lacus. Morbi sem mauris, laoreet ut, rhoncus aliquet, pulvinar sed, nisl. Nunc rhoncus dui vel sem.

Sed sagittis. Nam congue, risus semper porta volutpat, quam pede lobortis ligula, sit amet eleifend pede libero quis orci. Nullam molestie nibh in lectus.', '2024-11-08', 12, 15),
  (75, 'contingency', 'Vestibulum quam sapien, varius ut, blandit non, interdum in, ante. Vestibulum ante ipsum primis in faucibus orci luctus et ultrices posuere cubilia Curae; Duis faucibus accumsan odio. Curabitur convallis.

Duis consequat dui nec nisi volutpat eleifend. Donec ut dolor. Morbi vel lectus in quam fringilla rhoncus.

Mauris enim leo, rhoncus sed, vestibulum sit amet, cursus id, turpis. Integer aliquet, massa id lobortis convallis, tortor risus dapibus augue, vel accumsan tellus nisi eu orci. Mauris lacinia sapien quis libero.

Nullam sit amet turpis elementum ligula vehicula consequat. Morbi a ipsum. Integer a nibh.', '2024-04-04', 14, 22),
  (76, 'firmware', 'Morbi porttitor lorem id ligula. Suspendisse ornare consequat lectus. In est risus, auctor sed, tristique in, tempus sit amet, sem.

Fusce consequat. Nulla nisl. Nunc nisl.

Duis bibendum, felis sed interdum venenatis, turpis enim blandit mi, in porttitor pede justo eu massa. Donec dapibus. Duis at velit eu est congue elementum.

In hac habitasse platea dictumst. Morbi vestibulum, velit id pretium iaculis, diam erat fermentum justo, nec condimentum neque sapien placerat ante. Nulla justo.

Aliquam quis turpis eget elit sodales scelerisque. Mauris sit amet eros. Suspendisse accumsan tortor quis turpis.', '2024-07-06', 13, 21),
  (77, 'heuristic', 'Duis consequat dui nec nisi volutpat eleifend. Donec ut dolor. Morbi vel lectus in quam fringilla rhoncus.

Mauris enim leo, rhoncus sed, vestibulum sit amet, cursus id, turpis. Integer aliquet, massa id lobortis convallis, tortor risus dapibus augue, vel accumsan tellus nisi eu orci. Mauris lacinia sapien quis libero.

Nullam sit amet turpis elementum ligula vehicula consequat. Morbi a ipsum. Integer a nibh.

In quis justo. Maecenas rhoncus aliquam lacus. Morbi quis tortor id nulla ultrices aliquet.

Maecenas leo odio, condimentum id, luctus nec, molestie sed, justo. Pellentesque viverra pede ac diam. Cras pellentesque volutpat dui.

Maecenas tristique, est et tempus semper, est quam pharetra magna, ac consequat metus sapien ut nunc. Vestibulum ante ipsum primis in faucibus orci luctus et ultrices posuere cubilia Curae; Mauris viverra diam vitae quam. Suspendisse potenti.

Nullam porttitor lacus at turpis. Donec posuere metus vitae ipsum. Aliquam non mauris.

Morbi non lectus. Aliquam sit amet diam in magna bibendum imperdiet. Nullam orci pede, venenatis non, sodales sed, tincidunt eu, felis.', '2025-04-03', 14, 33),
  (78, 'focus group', 'Nulla ut erat id mauris vulputate elementum. Nullam varius. Nulla facilisi.

Cras non velit nec nisi vulputate nonummy. Maecenas tincidunt lacus at velit. Vivamus vel nulla eget eros elementum pellentesque.

Quisque porta volutpat erat. Quisque erat eros, viverra eget, congue eget, semper rutrum, nulla. Nunc purus.

Phasellus in felis. Donec semper sapien a libero. Nam dui.

Proin leo odio, porttitor id, consequat in, consequat ut, nulla. Sed accumsan felis. Ut at dolor quis odio consequat varius.

Integer ac leo. Pellentesque ultrices mattis odio. Donec vitae nisi.', '2024-09-29', 11, 3),
  (79, 'object-oriented', 'Sed ante. Vivamus tortor. Duis mattis egestas metus.

Aenean fermentum. Donec ut mauris eget massa tempor convallis. Nulla neque libero, convallis eget, eleifend luctus, ultricies eu, nibh.

Quisque id justo sit amet sapien dignissim vestibulum. Vestibulum ante ipsum primis in faucibus orci luctus et ultrices posuere cubilia Curae; Nulla dapibus dolor vel est. Donec odio justo, sollicitudin ut, suscipit a, feugiat et, eros.', '2025-03-24', 5, 36),
  (80, 'fault-tolerant', 'Proin eu mi. Nulla ac enim. In tempor, turpis nec euismod scelerisque, quam turpis adipiscing lorem, vitae mattis nibh ligula nec sem.

Duis aliquam convallis nunc. Proin at turpis a pede posuere nonummy. Integer non velit.

Donec diam neque, vestibulum eget, vulputate ut, ultrices vel, augue. Vestibulum ante ipsum primis in faucibus orci luctus et ultrices posuere cubilia Curae; Donec pharetra, magna vestibulum aliquet ultrices, erat tortor sollicitudin mi, sit amet lobortis sapien sapien non mi. Integer ac neque.

Duis bibendum. Morbi non quam nec dui luctus rutrum. Nulla tellus.', '2025-02-07', 8, 5);
INSERT INTO Questions (QuestionID, IsHidden, QuestionText, PostID) VALUES
  (1, false, 'In hac habitasse platea dictumst.', 31),
  (2, false, 'Lorem ipsum dolor sit amet, consectetuer adipiscing elit.', 59),
  (3, false, 'Aliquam sit amet diam in magna bibendum imperdiet.', 21),
  (4, true, 'Duis bibendum.', 30),
  (5, true, 'Nam ultrices, libero non mattis pulvinar, nulla pede ullamcorper augue, a suscipit nulla elit ac nulla.', 44),
  (6, true, 'Etiam faucibus cursus urna.', 9),
  (7, false, 'Duis ac nibh.', 33),
  (8, false, 'Suspendisse potenti.', 61),
  (9, true, 'Integer ac neque.', 25),
  (10, true, 'Morbi quis tortor id nulla ultrices aliquet.', 70),
  (11, true, 'Nunc nisl.', 8),
  (12, true, 'Donec posuere metus vitae ipsum.', 46),
  (13, false, 'Aenean fermentum.', 17),
  (14, false, 'Morbi porttitor lorem id ligula.', 48),
  (15, false, 'Donec diam neque, vestibulum eget, vulputate ut, ultrices vel, augue.', 70),
  (16, false, 'Cras mi pede, malesuada in, imperdiet et, commodo vulputate, justo.', 12),
  (17, false, 'Integer non velit.', 28),
  (18, true, 'Nulla tellus.', 68),
  (19, false, 'Aenean lectus.', 15),
  (20, false, 'Cras pellentesque volutpat dui.', 23),
  (21, true, 'Maecenas ut massa quis augue luctus tincidunt.', 17),
  (22, true, 'Duis ac nibh.', 64),
  (23, false, 'In hac habitasse platea dictumst.', 11),
  (24, false, 'Etiam pretium iaculis justo.', 32),
  (25, false, 'Nullam orci pede, venenatis non, sodales sed, tincidunt eu, felis.', 26),
  (26, false, 'Vivamus tortor.', 12),
  (27, false, 'In hac habitasse platea dictumst.', 73),
  (28, false, 'In tempor, turpis nec euismod scelerisque, quam turpis adipiscing lorem, vitae mattis nibh ligula nec sem.', 34),
  (29, false, 'Sed ante.', 80),
  (30, false, 'In est risus, auctor sed, tristique in, tempus sit amet, sem.', 60),
  (31, true, 'Phasellus in felis.', 11),
  (32, true, 'Morbi a ipsum.', 29),
  (33, false, 'Nam congue, risus semper porta volutpat, quam pede lobortis ligula, sit amet eleifend pede libero quis orci.', 47),
  (34, true, 'Nunc purus.', 36),
  (35, false, 'Vestibulum sed magna at nunc commodo placerat.', 75),
  (36, true, 'Duis bibendum.', 25),
  (37, false, 'Aliquam augue quam, sollicitudin vitae, consectetuer eget, rutrum at, lorem.', 29),
  (38, false, 'Donec ut dolor.', 25),
  (39, true, 'Vestibulum ante ipsum primis in faucibus orci luctus et ultrices posuere cubilia Curae; Duis faucibus accumsan odio.', 31),
  (40, true, 'Sed ante.', 55),
  (41, false, 'Vestibulum ante ipsum primis in faucibus orci luctus et ultrices posuere cubilia Curae; Duis faucibus accumsan odio.', 14),
  (42, false, 'Nam dui.', 17),
  (43, false, 'Curabitur at ipsum ac tellus semper interdum.', 66),
  (44, false, 'Praesent id massa id nisl venenatis lacinia.', 4),
  (45, false, 'In hac habitasse platea dictumst.', 21),
  (46, false, 'Mauris sit amet eros.', 16),
  (47, false, 'Proin risus.', 65),
  (48, true, 'Vivamus vestibulum sagittis sapien.', 72),
  (49, false, 'Duis ac nibh.', 4),
  (50, true, 'Maecenas leo odio, condimentum id, luctus nec, molestie sed, justo.', 45),
  (51, true, 'Nulla tellus.', 65),
  (52, false, 'Suspendisse ornare consequat lectus.', 21),
  (53, false, 'Duis aliquam convallis nunc.', 73),
  (54, false, 'Sed sagittis.', 45),
  (55, true, 'Aenean lectus.', 44),
  (56, false, 'Duis consequat dui nec nisi volutpat eleifend.', 61),
  (57, false, 'Aenean fermentum.', 58),
  (58, true, 'Nullam sit amet turpis elementum ligula vehicula consequat.', 59),
  (59, true, 'Praesent blandit.', 55),
  (60, true, 'Suspendisse accumsan tortor quis turpis.', 44),
  (61, true, 'Donec vitae nisi.', 20),
  (62, true, 'Phasellus sit amet erat.', 40),
  (63, true, 'Duis consequat dui nec nisi volutpat eleifend.', 52),
  (64, true, 'Sed accumsan felis.', 50),
  (65, true, 'Vivamus tortor.', 58),
  (66, true, 'In quis justo.', 17),
  (67, false, 'Integer ac leo.', 60),
  (68, false, 'Fusce posuere felis sed lacus.', 2),
  (69, true, 'Cras pellentesque volutpat dui.', 40),
  (70, true, 'Fusce congue, diam id ornare imperdiet, sapien urna pretium nisl, ut volutpat sapien arcu sed augue.', 15),
  (71, true, 'Integer non velit.', 39),
  (72, false, 'Ut at dolor quis odio consequat varius.', 33),
  (73, true, 'Curabitur at ipsum ac tellus semper interdum.', 22),
  (74, false, 'Duis at velit eu est congue elementum.', 8),
  (75, true, 'Duis bibendum.', 65),
  (76, false, 'Suspendisse potenti.', 24),
  (77, false, 'In congue.', 20),
  (78, true, 'Duis aliquam convallis nunc.', 68),
  (79, false, 'Cras in purus eu magna vulputate luctus.', 58),
  (80, true, 'Maecenas leo odio, condimentum id, luctus nec, molestie sed, justo.', 73),
  (81, true, 'In est risus, auctor sed, tristique in, tempus sit amet, sem.', 33),
  (82, false, 'Vestibulum ante ipsum primis in faucibus orci luctus et ultrices posuere cubilia Curae; Donec pharetra, magna vestibulum aliquet ultrices, erat tortor sollicitudin mi, sit amet lobortis sapien sapien non mi.', 29),
  (83, true, 'Vestibulum ante ipsum primis in faucibus orci luctus et ultrices posuere cubilia Curae; Nulla dapibus dolor vel est.', 42),
  (84, true, 'Proin leo odio, porttitor id, consequat in, consequat ut, nulla.', 8),
  (85, true, 'Duis ac nibh.', 70),
  (86, false, 'Curabitur at ipsum ac tellus semper interdum.', 14),
  (87, false, 'Duis bibendum, felis sed interdum venenatis, turpis enim blandit mi, in porttitor pede justo eu massa.', 6),
  (88, true, 'Nulla ut erat id mauris vulputate elementum.', 15),
  (89, true, 'Lorem ipsum dolor sit amet, consectetuer adipiscing elit.', 59),
  (90, true, 'Nullam porttitor lacus at turpis.', 17),
  (91, true, 'Sed vel enim sit amet nunc viverra dapibus.', 77),
  (92, true, 'Maecenas tristique, est et tempus semper, est quam pharetra magna, ac consequat metus sapien ut nunc.', 73),
  (93, false, 'Proin interdum mauris non ligula pellentesque ultrices.', 46),
  (94, true, 'Aliquam quis turpis eget elit sodales scelerisque.', 65),
  (95, false, 'Proin interdum mauris non ligula pellentesque ultrices.', 21),
  (96, true, 'Aliquam non mauris.', 37),
  (97, true, 'Aliquam non mauris.', 24),
  (98, true, 'Nulla justo.', 19),
  (99, true, 'Donec vitae nisi.', 33),
  (100, false, 'Maecenas rhoncus aliquam lacus.', 25),
  (101, true, 'Quisque arcu libero, rutrum ac, lobortis vel, dapibus at, diam.', 1),
  (102, false, 'Morbi porttitor lorem id ligula.', 16),
  (103, true, 'Suspendisse ornare consequat lectus.', 12),
  (104, true, 'Aliquam augue quam, sollicitudin vitae, consectetuer eget, rutrum at, lorem.', 35),
  (105, true, 'Aenean lectus.', 7),
  (106, true, 'Integer tincidunt ante vel ipsum.', 66),
  (107, false, 'Etiam justo.', 24),
  (108, true, 'Aenean lectus.', 52),
  (109, false, 'Nullam molestie nibh in lectus.', 40),
  (110, true, 'Morbi non lectus.', 36),
  (111, false, 'Nulla tellus.', 40),
  (112, false, 'Pellentesque eget nunc.', 42),
  (113, true, 'Nulla justo.', 68),
  (114, true, 'Maecenas leo odio, condimentum id, luctus nec, molestie sed, justo.', 71),
  (115, true, 'Nam tristique tortor eu pede.', 60),
  (116, true, 'Pellentesque viverra pede ac diam.', 55),
  (117, false, 'Suspendisse potenti.', 16),
  (118, true, 'Praesent blandit lacinia erat.', 18),
  (119, true, 'Cras non velit nec nisi vulputate nonummy.', 11),
  (120, true, 'Lorem ipsum dolor sit amet, consectetuer adipiscing elit.', 80),
  (121, true, 'Vivamus vestibulum sagittis sapien.', 7),
  (122, false, 'Mauris enim leo, rhoncus sed, vestibulum sit amet, cursus id, turpis.', 29),
  (123, true, 'Praesent lectus.', 38),
  (124, true, 'Nunc nisl.', 17),
  (125, true, 'Proin leo odio, porttitor id, consequat in, consequat ut, nulla.', 24),
  (126, false, 'Vivamus tortor.', 67),
  (127, true, 'Lorem ipsum dolor sit amet, consectetuer adipiscing elit.', 57),
  (128, false, 'In tempor, turpis nec euismod scelerisque, quam turpis adipiscing lorem, vitae mattis nibh ligula nec sem.', 29),
  (129, true, 'In hac habitasse platea dictumst.', 28),
  (130, false, 'Aliquam quis turpis eget elit sodales scelerisque.', 20),
  (131, true, 'Morbi non lectus.', 11),
  (132, false, 'Mauris lacinia sapien quis libero.', 73),
  (133, true, 'Duis at velit eu est congue elementum.', 68),
  (134, true, 'Pellentesque eget nunc.', 16),
  (135, false, 'Cum sociis natoque penatibus et magnis dis parturient montes, nascetur ridiculus mus.', 66),
  (136, false, 'Maecenas pulvinar lobortis est.', 8),
  (137, false, 'Curabitur convallis.', 42),
  (138, false, 'Sed accumsan felis.', 22),
  (139, true, 'Quisque id justo sit amet sapien dignissim vestibulum.', 74),
  (140, false, 'Lorem ipsum dolor sit amet, consectetuer adipiscing elit.', 48),
  (141, false, 'Donec quis orci eget orci vehicula condimentum.', 18),
  (142, false, 'Nulla tempus.', 68),
  (143, true, 'Nulla nisl.', 80),
  (144, false, 'Mauris sit amet eros.', 40),
  (145, true, 'Integer ac neque.', 11),
  (146, false, 'Nulla ac enim.', 42),
  (147, true, 'Nullam sit amet turpis elementum ligula vehicula consequat.', 60),
  (148, true, 'Aliquam non mauris.', 11),
  (149, false, 'Donec odio justo, sollicitudin ut, suscipit a, feugiat et, eros.', 13),
  (150, false, 'In tempor, turpis nec euismod scelerisque, quam turpis adipiscing lorem, vitae mattis nibh ligula nec sem.', 35),
  (151, false, 'In hac habitasse platea dictumst.', 43),
  (152, false, 'Duis ac nibh.', 40),
  (153, false, 'Integer ac leo.', 53),
  (154, false, 'Duis at velit eu est congue elementum.', 70),
  (155, true, 'Mauris enim leo, rhoncus sed, vestibulum sit amet, cursus id, turpis.', 12),
  (156, true, 'Phasellus sit amet erat.', 19),
  (157, false, 'Donec odio justo, sollicitudin ut, suscipit a, feugiat et, eros.', 59),
  (158, false, 'Ut tellus.', 43),
  (159, true, 'Quisque erat eros, viverra eget, congue eget, semper rutrum, nulla.', 68),
  (160, true, 'Ut at dolor quis odio consequat varius.', 25);
INSERT INTO ExpertOpinions (ExpertOpID, BodyText, PostID) VALUES
  (1, 'Nulla tellus. In sagittis dui vel nisl. Duis ac nibh. Fusce lacus purus, aliquet at, feugiat non, pretium quis, lectus. Suspendisse potenti. In eleifend quam a odio.', 1),
  (2, 'Curabitur at ipsum ac tellus semper interdum.', 2),
  (3, 'Cras non velit nec nisi vulputate nonummy. Maecenas tincidunt lacus at velit. Vivamus vel nulla eget eros elementum pellentesque. Quisque porta volutpat erat. Quisque erat eros, viverra eget, congue eget, semper rutrum, nulla.', 3),
  (4, 'Nam dui. Proin leo odio, porttitor id, consequat in, consequat ut, nulla. Sed accumsan felis. Ut at dolor quis odio consequat varius. Integer ac leo. Pellentesque ultrices mattis odio. Donec vitae nisi.', 4),
  (5, 'Vestibulum ante ipsum primis in faucibus orci luctus et ultrices posuere cubilia Curae; Mauris viverra diam vitae quam. Suspendisse potenti.', 5),
  (6, 'In quis justo. Maecenas rhoncus aliquam lacus. Morbi quis tortor id nulla ultrices aliquet. Maecenas leo odio, condimentum id, luctus nec, molestie sed, justo. Pellentesque viverra pede ac diam.', 6),
  (7, 'Suspendisse accumsan tortor quis turpis. Sed ante. Vivamus tortor. Duis mattis egestas metus. Aenean fermentum. Donec ut mauris eget massa tempor convallis. Nulla neque libero, convallis eget, eleifend luctus, ultricies eu, nibh.', 7),
  (8, 'Donec ut mauris eget massa tempor convallis.', 8),
  (9, 'Quisque erat eros, viverra eget, congue eget, semper rutrum, nulla. Nunc purus.', 9),
  (10, 'Phasellus id sapien in sapien iaculis congue. Vivamus metus arcu, adipiscing molestie, hendrerit at, vulputate vitae, nisl. Aenean lectus. Pellentesque eget nunc. Donec quis orci eget orci vehicula condimentum. Curabitur in libero ut massa volutpat convallis.', 10),
  (11, 'Duis bibendum, felis sed interdum venenatis, turpis enim blandit mi, in porttitor pede justo eu massa. Donec dapibus. Duis at velit eu est congue elementum. In hac habitasse platea dictumst. Morbi vestibulum, velit id pretium iaculis, diam erat fermentum justo, nec condimentum neque sapien placerat ante. Nulla justo.', 11),
  (12, 'Nulla ac enim. In tempor, turpis nec euismod scelerisque, quam turpis adipiscing lorem, vitae mattis nibh ligula nec sem. Duis aliquam convallis nunc. Proin at turpis a pede posuere nonummy. Integer non velit. Donec diam neque, vestibulum eget, vulputate ut, ultrices vel, augue.', 12),
  (13, 'Pellentesque ultrices mattis odio. Donec vitae nisi. Nam ultrices, libero non mattis pulvinar, nulla pede ullamcorper augue, a suscipit nulla elit ac nulla. Sed vel enim sit amet nunc viverra dapibus.', 13),
  (14, 'Etiam pretium iaculis justo. In hac habitasse platea dictumst. Etiam faucibus cursus urna. Ut tellus. Nulla ut erat id mauris vulputate elementum. Nullam varius.', 14),
  (15, 'Cras mi pede, malesuada in, imperdiet et, commodo vulputate, justo. In blandit ultrices enim.', 15),
  (16, 'Curabitur gravida nisi at nibh. In hac habitasse platea dictumst. Aliquam augue quam, sollicitudin vitae, consectetuer eget, rutrum at, lorem. Integer tincidunt ante vel ipsum. Praesent blandit lacinia erat. Vestibulum sed magna at nunc commodo placerat.', 16),
  (17, 'Morbi ut odio. Cras mi pede, malesuada in, imperdiet et, commodo vulputate, justo. In blandit ultrices enim.', 17),
  (18, 'Maecenas ut massa quis augue luctus tincidunt.', 18),
  (19, 'Nulla justo.', 19),
  (20, 'Maecenas tristique, est et tempus semper, est quam pharetra magna, ac consequat metus sapien ut nunc. Vestibulum ante ipsum primis in faucibus orci luctus et ultrices posuere cubilia Curae; Mauris viverra diam vitae quam. Suspendisse potenti. Nullam porttitor lacus at turpis.', 20),
  (21, 'Morbi porttitor lorem id ligula. Suspendisse ornare consequat lectus. In est risus, auctor sed, tristique in, tempus sit amet, sem.', 21),
  (22, 'Vestibulum sed magna at nunc commodo placerat. Praesent blandit. Nam nulla. Integer pede justo, lacinia eget, tincidunt eget, tempus vel, pede. Morbi porttitor lorem id ligula. Suspendisse ornare consequat lectus. In est risus, auctor sed, tristique in, tempus sit amet, sem.', 22),
  (23, 'Duis bibendum. Morbi non quam nec dui luctus rutrum. Nulla tellus. In sagittis dui vel nisl. Duis ac nibh.', 23),
  (24, 'Morbi odio odio, elementum eu, interdum eu, tincidunt in, leo.', 24),
  (25, 'Pellentesque ultrices mattis odio. Donec vitae nisi. Nam ultrices, libero non mattis pulvinar, nulla pede ullamcorper augue, a suscipit nulla elit ac nulla. Sed vel enim sit amet nunc viverra dapibus.', 25),
  (26, 'Integer ac neque. Duis bibendum. Morbi non quam nec dui luctus rutrum. Nulla tellus. In sagittis dui vel nisl.', 26),
  (27, 'Cum sociis natoque penatibus et magnis dis parturient montes, nascetur ridiculus mus. Etiam vel augue. Vestibulum rutrum rutrum neque. Aenean auctor gravida sem. Praesent id massa id nisl venenatis lacinia. Aenean sit amet justo. Morbi ut odio.', 27),
  (28, 'Cum sociis natoque penatibus et magnis dis parturient montes, nascetur ridiculus mus. Etiam vel augue.', 28),
  (29, 'Nulla mollis molestie lorem. Quisque ut erat. Curabitur gravida nisi at nibh. In hac habitasse platea dictumst. Aliquam augue quam, sollicitudin vitae, consectetuer eget, rutrum at, lorem.', 29),
  (30, 'Nullam porttitor lacus at turpis. Donec posuere metus vitae ipsum. Aliquam non mauris. Morbi non lectus.', 30),
  (31, 'Nunc rhoncus dui vel sem. Sed sagittis. Nam congue, risus semper porta volutpat, quam pede lobortis ligula, sit amet eleifend pede libero quis orci. Nullam molestie nibh in lectus. Pellentesque at nulla.', 31),
  (32, 'Vivamus metus arcu, adipiscing molestie, hendrerit at, vulputate vitae, nisl. Aenean lectus. Pellentesque eget nunc. Donec quis orci eget orci vehicula condimentum. Curabitur in libero ut massa volutpat convallis.', 32),
  (33, 'Integer a nibh. In quis justo. Maecenas rhoncus aliquam lacus. Morbi quis tortor id nulla ultrices aliquet. Maecenas leo odio, condimentum id, luctus nec, molestie sed, justo. Pellentesque viverra pede ac diam. Cras pellentesque volutpat dui.', 33),
  (34, 'Donec vitae nisi. Nam ultrices, libero non mattis pulvinar, nulla pede ullamcorper augue, a suscipit nulla elit ac nulla. Sed vel enim sit amet nunc viverra dapibus. Nulla suscipit ligula in lacus. Curabitur at ipsum ac tellus semper interdum. Mauris ullamcorper purus sit amet nulla.', 34),
  (35, 'Quisque porta volutpat erat. Quisque erat eros, viverra eget, congue eget, semper rutrum, nulla. Nunc purus. Phasellus in felis.', 35),
  (36, 'Fusce congue, diam id ornare imperdiet, sapien urna pretium nisl, ut volutpat sapien arcu sed augue. Aliquam erat volutpat. In congue. Etiam justo. Etiam pretium iaculis justo. In hac habitasse platea dictumst. Etiam faucibus cursus urna.', 36),
  (37, 'Suspendisse potenti. Nullam porttitor lacus at turpis. Donec posuere metus vitae ipsum. Aliquam non mauris. Morbi non lectus. Aliquam sit amet diam in magna bibendum imperdiet. Nullam orci pede, venenatis non, sodales sed, tincidunt eu, felis.', 37),
  (38, 'Vestibulum ante ipsum primis in faucibus orci luctus et ultrices posuere cubilia Curae; Nulla dapibus dolor vel est. Donec odio justo, sollicitudin ut, suscipit a, feugiat et, eros. Vestibulum ac est lacinia nisi venenatis tristique.', 38),
  (39, 'Lorem ipsum dolor sit amet, consectetuer adipiscing elit. Proin risus. Praesent lectus.', 39),
  (40, 'Praesent blandit lacinia erat. Vestibulum sed magna at nunc commodo placerat. Praesent blandit. Nam nulla. Integer pede justo, lacinia eget, tincidunt eget, tempus vel, pede.', 40),
  (41, 'In tempor, turpis nec euismod scelerisque, quam turpis adipiscing lorem, vitae mattis nibh ligula nec sem. Duis aliquam convallis nunc. Proin at turpis a pede posuere nonummy.', 41),
  (42, 'Phasellus id sapien in sapien iaculis congue. Vivamus metus arcu, adipiscing molestie, hendrerit at, vulputate vitae, nisl. Aenean lectus. Pellentesque eget nunc. Donec quis orci eget orci vehicula condimentum. Curabitur in libero ut massa volutpat convallis. Morbi odio odio, elementum eu, interdum eu, tincidunt in, leo.', 42),
  (43, 'Pellentesque eget nunc.', 43),
  (44, 'In hac habitasse platea dictumst.', 44),
  (45, 'Aliquam non mauris.', 45),
  (46, 'Morbi ut odio. Cras mi pede, malesuada in, imperdiet et, commodo vulputate, justo. In blandit ultrices enim. Lorem ipsum dolor sit amet, consectetuer adipiscing elit. Proin interdum mauris non ligula pellentesque ultrices.', 46),
  (47, 'Sed accumsan felis. Ut at dolor quis odio consequat varius. Integer ac leo. Pellentesque ultrices mattis odio.', 47),
  (48, 'Duis bibendum. Morbi non quam nec dui luctus rutrum. Nulla tellus. In sagittis dui vel nisl. Duis ac nibh.', 48),
  (49, 'Morbi vel lectus in quam fringilla rhoncus.', 49),
  (50, 'Donec posuere metus vitae ipsum.', 50),
  (51, 'Maecenas leo odio, condimentum id, luctus nec, molestie sed, justo.', 51),
  (52, 'Lorem ipsum dolor sit amet, consectetuer adipiscing elit. Proin interdum mauris non ligula pellentesque ultrices.', 52),
  (53, 'Donec vitae nisi.', 53),
  (54, 'Cras in purus eu magna vulputate luctus. Cum sociis natoque penatibus et magnis dis parturient montes, nascetur ridiculus mus.', 54),
  (55, 'Curabitur at ipsum ac tellus semper interdum. Mauris ullamcorper purus sit amet nulla.', 55),
  (56, 'Donec odio justo, sollicitudin ut, suscipit a, feugiat et, eros. Vestibulum ac est lacinia nisi venenatis tristique.', 56),
  (57, 'Maecenas tristique, est et tempus semper, est quam pharetra magna, ac consequat metus sapien ut nunc. Vestibulum ante ipsum primis in faucibus orci luctus et ultrices posuere cubilia Curae; Mauris viverra diam vitae quam. Suspendisse potenti. Nullam porttitor lacus at turpis. Donec posuere metus vitae ipsum. Aliquam non mauris.', 57),
  (58, 'In hac habitasse platea dictumst. Etiam faucibus cursus urna.', 58),
  (59, 'Nam ultrices, libero non mattis pulvinar, nulla pede ullamcorper augue, a suscipit nulla elit ac nulla. Sed vel enim sit amet nunc viverra dapibus.', 59),
  (60, 'Curabitur convallis.', 60),
  (61, 'In hac habitasse platea dictumst. Etiam faucibus cursus urna. Ut tellus. Nulla ut erat id mauris vulputate elementum. Nullam varius. Nulla facilisi. Cras non velit nec nisi vulputate nonummy.', 61),
  (62, 'Sed vel enim sit amet nunc viverra dapibus. Nulla suscipit ligula in lacus. Curabitur at ipsum ac tellus semper interdum. Mauris ullamcorper purus sit amet nulla. Quisque arcu libero, rutrum ac, lobortis vel, dapibus at, diam.', 62),
  (63, 'Fusce congue, diam id ornare imperdiet, sapien urna pretium nisl, ut volutpat sapien arcu sed augue. Aliquam erat volutpat. In congue. Etiam justo.', 63),
  (64, 'Nam ultrices, libero non mattis pulvinar, nulla pede ullamcorper augue, a suscipit nulla elit ac nulla. Sed vel enim sit amet nunc viverra dapibus. Nulla suscipit ligula in lacus. Curabitur at ipsum ac tellus semper interdum. Mauris ullamcorper purus sit amet nulla. Quisque arcu libero, rutrum ac, lobortis vel, dapibus at, diam.', 64),
  (65, 'Morbi sem mauris, laoreet ut, rhoncus aliquet, pulvinar sed, nisl. Nunc rhoncus dui vel sem. Sed sagittis. Nam congue, risus semper porta volutpat, quam pede lobortis ligula, sit amet eleifend pede libero quis orci. Nullam molestie nibh in lectus.', 65),
  (66, 'Vivamus in felis eu sapien cursus vestibulum. Proin eu mi.', 66),
  (67, 'Quisque erat eros, viverra eget, congue eget, semper rutrum, nulla.', 67),
  (68, 'Donec vitae nisi. Nam ultrices, libero non mattis pulvinar, nulla pede ullamcorper augue, a suscipit nulla elit ac nulla. Sed vel enim sit amet nunc viverra dapibus. Nulla suscipit ligula in lacus. Curabitur at ipsum ac tellus semper interdum.', 68),
  (69, 'Donec ut mauris eget massa tempor convallis. Nulla neque libero, convallis eget, eleifend luctus, ultricies eu, nibh. Quisque id justo sit amet sapien dignissim vestibulum.', 69),
  (70, 'Aliquam sit amet diam in magna bibendum imperdiet. Nullam orci pede, venenatis non, sodales sed, tincidunt eu, felis. Fusce posuere felis sed lacus.', 70),
  (71, 'Quisque id justo sit amet sapien dignissim vestibulum. Vestibulum ante ipsum primis in faucibus orci luctus et ultrices posuere cubilia Curae; Nulla dapibus dolor vel est. Donec odio justo, sollicitudin ut, suscipit a, feugiat et, eros. Vestibulum ac est lacinia nisi venenatis tristique. Fusce congue, diam id ornare imperdiet, sapien urna pretium nisl, ut volutpat sapien arcu sed augue. Aliquam erat volutpat.', 71),
  (72, 'Aenean auctor gravida sem. Praesent id massa id nisl venenatis lacinia. Aenean sit amet justo. Morbi ut odio. Cras mi pede, malesuada in, imperdiet et, commodo vulputate, justo. In blandit ultrices enim. Lorem ipsum dolor sit amet, consectetuer adipiscing elit.', 72),
  (73, 'Mauris lacinia sapien quis libero. Nullam sit amet turpis elementum ligula vehicula consequat. Morbi a ipsum. Integer a nibh. In quis justo. Maecenas rhoncus aliquam lacus. Morbi quis tortor id nulla ultrices aliquet.', 73),
  (74, 'Vestibulum ante ipsum primis in faucibus orci luctus et ultrices posuere cubilia Curae; Nulla dapibus dolor vel est.', 74),
  (75, 'In congue. Etiam justo.', 75),
  (76, 'Aliquam non mauris. Morbi non lectus. Aliquam sit amet diam in magna bibendum imperdiet. Nullam orci pede, venenatis non, sodales sed, tincidunt eu, felis.', 76),
  (77, 'Fusce consequat.', 77),
  (78, 'In est risus, auctor sed, tristique in, tempus sit amet, sem.', 78),
  (79, 'Duis bibendum, felis sed interdum venenatis, turpis enim blandit mi, in porttitor pede justo eu massa. Donec dapibus. Duis at velit eu est congue elementum. In hac habitasse platea dictumst. Morbi vestibulum, velit id pretium iaculis, diam erat fermentum justo, nec condimentum neque sapien placerat ante. Nulla justo. Aliquam quis turpis eget elit sodales scelerisque.', 79),
  (80, 'Pellentesque eget nunc. Donec quis orci eget orci vehicula condimentum. Curabitur in libero ut massa volutpat convallis. Morbi odio odio, elementum eu, interdum eu, tincidunt in, leo. Maecenas pulvinar lobortis est. Phasellus sit amet erat. Nulla tempus.', 80);
