,REF_AREA,TIME_PERIOD,Education spending,Health spending,Housing spending,Community development spending
0,AUS,2000,0.05542635638658816,0.05784201269720857,0.0035273597338471127,0.0009682128811310201
1,AUS,2001,0.05884537402468453,0.06217647560577256,0.004010946034651584,0.0013556016659233448
2,AUS,2002,0.06231383753017568,0.06680953779698022,0.003289068042523261,0.0019314351985935845
3,AUS,2003,0.06701205551458891,0.07289796852223282,0.003060120143196725,0.001806677184678447
4,AUS,2004,0.06314539256822363,0.07072867849548983,0.0032795498148685195,0.0016738745680412472
5,AUS,2005,0.06112352561515914,0.06955939103822359,0.0033567828840248668,0.0019100072655994986
6,AUS,2006,0.058769750461061705,0.06884945188408714,0.0034450886077499613,0.0018764866394432472
7,AUS,2007,0.06150836966111399,0.07356067872532535,0.003257989189992657,0.0026433850412046164
8,AUS,2008,0.0561801610975775,0.0657562436925233,0.003777378188733704,0.0019236354022525298
9,AUS,2009,0.07275821165028584,0.07517581576991528,0.005446537103131826,0.002556160798941301
10,AUS,2010,0.07276171385526566,0.07731610784866434,0.003334352965714044,0.002423314475800317
11,AUS,2011,0.06502020854575927,0.07946226028908181,0.0029552293604071804,0.002421267279814518
12,AUS,2012,0.06077779823444432,0.07314491833225989,0.002726466911848001,0.0020527117755950106
13,AUS,2013,0.056455709246476596,0.06903182463826077,0.002567253733421406,0.0018914673429356568
14,AUS,2014,0.05781723060114456,0.07151471116331218,0.002513445628681559,0.0021180721590013138
15,AUS,2015,0.053970166238166306,0.06890430655595467,0.0022633044908687526,0.0018152024472332295
16,AUS,2016,0.062172382590271545,0.08290102723853494,0.002675776546774522,0.002155281339126163
17,AUS,2017,0.0622653788384968,0.08032425825982437,0.0026289852317595078,0.0024179494698082825
18,AUS,2018,0.06029261281456419,0.07597447970133511,0.0022904275014480895,0.002748303686910068
19,AUS,2019,0.06284682959860957,0.0777980958506686,0.0020180266227239974,0.0027327963787815695
20,AUS,2020,0.06560072803220113,0.08850184691801309,0.0028467096836976144,0.003241467241291351
21,AUS,2021,0.06461460083535278,0.0916093703699642,0.0025941383375591397,0.0033526921818007624
22,AUS,2022,0.058062062262584396,0.07933582793759837,0.0017746598463132097,0.003214981325833709
23,AUS,2023,0.058302464345254656,0.07829280339420921,0.0018480952344088887,0.0024951400189959826
24,AUT,2000,0.0523599019174591,0.07284229557323682,0.0011990199090363334,0.0004547405882433621
25,AUT,2001,0.05206631753211529,0.07258248772679216,0.001249149269768547,0.0004988300718562643
26,AUT,2002,0.05207569534573123,0.0754671771125383,0.0014053175247906817,0.0004475140183110944
27,AUT,2003,0.05272942348624814,0.0766057369396246,0.0013495162388549122,0.00045197863232412526
28,AUT,2004,0.04938282495992805,0.07754987142002055,0.001279279083250262,0.00042067545312002476
29,AUT,2005,0.048312865752458356,0.07689562383153177,0.0012679363791156411,0.0004106121436508507
30,AUT,2006,0.04824831288462959,0.07582049102916963,0.001482663057184879,0.0003705059499972764
31,AUT,2007,0.04711474977658988,0.0761085537027952,0.00119666957831106,0.00037631787396474664
32,AUT,2008,0.048747661795003665,0.0777604428864198,0.0014214336035065689,0.0003650210244469067
33,AUT,2009,0.05143716690624002,0.08112940671417848,0.001610763803362374,0.0004228813888685137
34,AUT,2010,0.05159353420955155,0.0815049502057499,0.0016994693763699035,0.00042649121423678693
35,AUT,2011,0.05026595235061594,0.07939564076360009,0.0013766559626776549,0.00041308764861603216
36,AUT,2012,0.050429008348699976,0.07993476471622975,0.0012373439781197986,0.0004258196760276977
37,AUT,2013,0.05084212805754619,0.08083717378894165,0.0011740963089430262,0.00039913857178673585
38,AUT,2014,0.049906413546882425,0.08182243801292896,0.0011319743641007057,0.00040807179026976584
39,AUT,2015,0.04965883479807297,0.08304372084082143,0.0011189372046372054,0.00040463800158288776
40,AUT,2016,0.04926062571134374,0.08264018223859951,0.0011183819857754343,0.00036846408536558986
41,AUT,2017,0.048718209411144964,0.08285214347229942,0.0010650025274105256,0.00036888614269717034
42,AUT,2018,0.0480505768485229,0.08343759569944634,0.0010252213399772163,0.00039106623115903644
43,AUT,2019,0.048352976119159334,0.08396361275294693,0.0009409492791846692,0.00037214425216934626
44,AUT,2020,0.050566331644901916,0.09248786854955986,0.0009909342179519089,0.00036895451870144037
45,AUT,2021,0.049009868408614835,0.10100313007296241,0.0008645058603744286,0.0003890387145806393
46,AUT,2022,0.04755309367682497,0.09390268056817676,0.0008021518481685057,0.00037008313556039245
47,AUT,2023,0.04926706188216535,0.09136088127636112,0.001008353885885201,0.00036475117197419115
48,BEL,2000,0.05532724540948338,0.06277059822978971,,
49,BEL,2001,0.05676057153255522,0.06297692813170308,0.0003582576496709486,0.001665311693613005
50,BEL,2002,0.05789664559850307,0.06347054171565919,0.00039267221677555714,0.0015125016513824583
51,BEL,2003,0.0589131871172231,0.06864539925647509,0.000516358096473633,0.0014377656914895994
52,BEL,2004,0.056293433353647726,0.0689283763847199,0.000689644252049296,0.0013233622970442772
53,BEL,2005,0.056915677324296844,0.06800465491927205,0.0006676609546712824,0.0012730713952113773
54,BEL,2006,0.05626577149421073,0.066982314398057,0.0009312581981014931,0.0014273346424666545
55,BEL,2007,0.05518235463765268,0.06762084390585073,0.000829407229928277,0.0014303636965254322
56,BEL,2008,0.0572372279655237,0.07292367639905374,0.0012836072690551713,0.0013998853140260604
57,BEL,2009,0.060478542705952106,0.07807815666474656,0.0015537698401857265,0.0011287334115730107
58,BEL,2010,0.06031867425168571,0.07755344640383577,0.0016457329871182827,0.0011053225064034636
59,BEL,2011,0.061698439109755976,0.07679934858614841,0.0018595605385570496,0.0010505738155499784
60,BEL,2012,0.062294988153940266,0.07899753283347286,0.0016835298912265951,0.0012293299726320061
61,BEL,2013,0.06343807896430083,0.0796814525907832,0.0017090018836018839,0.0011271708745938876
62,BEL,2014,0.0627074441985745,0.07987044591998604,0.001711781188334673,0.0012579072956400495
63,BEL,2015,0.06310397605032513,0.07839547766991226,0.0019175141623630086,0.001127935351279546
64,BEL,2016,0.06254552566579961,0.07624272668776877,0.0018120411112078874,0.0011170052496446354
65,BEL,2017,0.062440122758494365,0.07567175273653726,0.0021341556925553056,0.0011186106134496794
66,BEL,2018,0.06208271834230664,0.07565902155381095,0.0020725070610617714,0.0013980662984627553
67,BEL,2019,0.0611966046567593,0.07456998708297738,0.0020221301759597047,0.0013392571283999243
68,BEL,2020,0.06521626157490908,0.08550517098726783,0.002084955522458251,0.0013891078162866948
69,BEL,2021,0.06213825769253267,0.08398330353232816,0.002487040119899641,0.0012616022348382442
70,BEL,2022,0.06170826888993157,0.07775724895110164,0.0018376572815306585,0.0012668052658214922
71,BEL,2023,0.06321515641083006,0.07894696242256269,0.0025149223421092634,0.0012558680682840748
72,BGR,2000,0.04219822449020224,0.03829705228964529,0.0018232966682880053,0.0001262227607726681
73,BGR,2001,0.03627202198933233,0.03981289680820288,0.00183336764910714,0.00011424258894277902
74,BGR,2002,0.037371239628900516,0.04846352864763417,0.0018157422564140354,0.0006296099482715981
75,BGR,2003,0.04153021422859524,0.054737301638348695,0.004706874067562173,0.0005581651184786687
76,BGR,2004,0.03962569640408563,0.0584787446733209,0.004107880607603371,0.0005473128963158406
77,BGR,2005,0.041417777556392664,0.04902498555628738,0.003173516106087426,0.0007082506958830593
78,BGR,2006,0.03610551917193973,0.03797220338918746,0.003084216733084232,0.0005443174323902134
79,BGR,2007,0.03591288450862298,0.04043563854777765,0.0026697446365258706,0.0006685385784599056
80,BGR,2008,0.03947381199825162,0.04415691295744326,0.003161007351232773,0.0007944043749330809
81,BGR,2009,0.0407025290602398,0.03956972829375882,0.0016851265442995604,0.004224977913006658
82,BGR,2010,0.03567136122533378,0.044020987695250105,0.001838019248148691,0.0036931065798553498
83,BGR,2011,0.03278109048335173,0.041281825560496456,0.0018255091523046983,0.0006835807679737843
84,BGR,2012,0.03309977765160568,0.04353591180186807,0.0018829892412873547,0.0006800254866504047
85,BGR,2013,0.0368279790041521,0.04513010321158032,0.002338222664906757,0.0007206401281210753
86,BGR,2014,0.040647012610810676,0.054442591791059404,0.00024495303311195823,0.0013452241425988595
87,BGR,2015,0.03909776926870787,0.05301045908177296,0.00034399415849702754,0.0014153508032324197
88,BGR,2016,0.033929823237917066,0.049490599774589306,0.0004932342835888082,0.0010706307281894765
89,BGR,2017,0.03520833769964389,0.048405513667624474,0.0005387177427704495,0.0011220290732652698
90,BGR,2018,0.03528538021614609,0.04960504179152173,0.0005761803647368441,0.0011599168947878228
91,BGR,2019,0.0382051296231344,0.0464148009742973,0.0006287609443335471,0.0011822940903133525
92,BGR,2020,0.038970406563947416,0.058010043567209964,0.0006820261936337082,0.0010574784000107085
93,BGR,2021,0.042966572288456184,0.05815556921991631,0.0007443683647411877,0.0011005076554930337
94,BGR,2022,0.03883978704131047,0.05551996177327677,0.0007887500578164712,0.0010693408182894182
95,BGR,2023,0.0407044930652309,0.05499874932587548,0.0008721091983012873,0.0009977758369275188
96,CHE,2000,0.05012165101096719,0.014524297181297276,0.0007994666043278483,0.0010537546239701525
97,CHE,2001,0.051543787289322227,0.016314635161131016,0.0007739621584013244,0.0010831583038579768
98,CHE,2002,0.0541465237423871,0.017687227321531527,0.0007416618785267817,0.0011409943398882818
99,CHE,2003,0.05514910223278105,0.01841517181879742,0.0006975961259117915,0.0010115902661984243
100,CHE,2004,0.05351599987051204,0.017891208713233856,0.0006408382880388269,0.0010170746918375562
101,CHE,2005,0.05260273022406843,0.01784159392663777,0.0006046595379023537,0.0007740978391752802
102,CHE,2006,0.05057921610413917,0.01670892201964306,0.0005306274318833384,0.0007195786900869042
103,CHE,2007,0.04816639388017777,0.01643763304368665,0.0005149826508545262,0.0007078295296027929
104,CHE,2008,0.04914534412888207,0.017436400259610813,0.00046140796844168833,0.000560007900461151
105,CHE,2009,0.05248778801214733,0.01882915282548272,0.00042091845138289975,0.0005445707083937051
106,CHE,2010,0.05165067986064914,0.01832264739867418,0.0004369420105899509,0.0006289217352765835
107,CHE,2011,0.052046615551246,0.019071340412123754,0.0004311676810435199,0.0005849729995376842
108,CHE,2012,0.05298568122401907,0.020447137718207834,0.0004055337354296697,0.0006277989112421306
109,CHE,2013,0.053630895479805415,0.021130619350447282,0.0003054788196878291,0.000579534429289252
110,CHE,2014,0.053690434933816915,0.0209389201747006,0.00030356734112631353,0.0006377378037944612
111,CHE,2015,0.054628924188930866,0.02125647356464926,0.0002809404296978707,0.0006530326831518204
112,CHE,2016,0.05485963201405297,0.02157538689875448,0.0002468693841189083,0.0005826672161563524
113,CHE,2017,0.0549758009201572,0.021115931942742295,0.00024187853628578372,0.0006400622023129545
114,CHE,2018,0.05413250995416992,0.021231633482498954,0.00022492430098397404,0.0006202436642460511
115,CHE,2019,0.05540511566446122,0.02185858007962091,0.000554747136492714,0.0007131805527062571
116,CHE,2020,0.058347065634115854,0.02581415796363752,0.0004241641077638034,0.0007559657346985574
117,CHE,2021,0.05589311219605163,0.027649971900577785,0.0004785894413596099,0.0007152541062197157
118,CHE,2022,0.05464769188412827,0.02337096423772249,0.000400839316374765,0.0007392698297243823
119,CHE,2023,0.05675773693037544,0.022294258311410554,0.0005080680008766886,0.000755480276868624
120,COL,2009,0.04026783684337638,0.06920741504670726,0.002140990306184323,1.4648679953236969e-05
121,COL,2010,0.03851238833952141,0.07057537771569318,0.0020651054093298554,1.4320337830386367e-05
122,COL,2011,0.0396671044604627,0.07164916329118616,0.0020825205416156135,1.3973244938492064e-05
123,COL,2012,0.038526827182250874,0.08083774065386941,0.0020737001655740032,1.441731745020149e-05
124,COL,2013,0.04153352574524606,0.08564492300022546,0.0021793779297654505,1.4517764492860173e-05
125,COL,2014,0.042750913287796705,0.09992468243013847,0.002390264943249664,1.6028740219923093e-05
126,COL,2015,0.04493321668961021,0.09945484733255665,0.002440051674726119,1.6614284722136388e-05
127,COL,2016,0.04425734733995385,0.0956027794049888,0.002306275268528403,1.5354305831795526e-05
128,COL,2017,0.04711582439537758,0.10104566031265164,0.00234833458398184,1.5435412956007847e-05
129,COL,2018,0.046988028652153006,0.09883664606248974,0.002291557274784368,1.8222478236926046e-05
130,COL,2019,0.0460772433209103,0.10468607995539789,0.004414256547938145,1.8866714211833523e-05
131,COL,2020,0.04946543351338445,0.12442161163297473,0.003713745896140539,3.621902288272385e-05
132,COL,2021,0.0439657979855245,0.12499677982790314,0.0035253340902358134,3.651508593908689e-05
133,COL,2022,0.03793776985596382,0.10745274941292238,0.0035108784469384605,3.801566209370984e-05
134,COL,2023,0.03794379293437412,0.1136271493419857,0.0038702185304790365,4.3093595504617645e-05
135,CRI,2012,0.07127909406488796,0.06285497045120558,0.0,0.006449713665473707
136,CRI,2013,0.07370165219273282,0.06335601316694893,0.0,0.006488150864003449
137,CRI,2014,0.07314249747370845,0.06168534541371896,0.0,0.006536925703163201
138,CRI,2015,0.07415525035831985,0.06158468334416454,0.0,0.006505203063084565
139,CRI,2016,0.07522547033637755,0.06062979173787581,0.0,0.006628715698629117
140,CRI,2017,0.07673545402379384,0.05887086609066956,0.003232579589781724,0.0062931494651850255
141,CRI,2018,0.0768013305681132,0.056701160730386696,0.0029457725552308155,0.006411279948423697
142,CRI,2019,0.07510390857335551,0.06066695782091768,0.003315405832944488,0.005858096417549857
143,CRI,2020,0.07530449264589736,0.0654033911376796,0.004022618992084922,0.005422767791979601
144,CRI,2021,0.0656167510553949,0.06487833544763597,0.002931938545646131,0.004947772355481129
145,CZE,2000,0.043655074944046614,0.06743250048388388,0.0010550521610652784,0.0015617438782277503
146,CZE,2001,0.04342808646653499,0.07018583199223473,0.0014964025315624071,0.0015994297300995816
147,CZE,2002,0.04719131923538266,0.07252540400907666,0.0039471846305069455,0.0015969920767362528
148,CZE,2003,0.05025841831683452,0.07359918847859886,0.004520688113110403,0.0026489509907006224
149,CZE,2004,0.045906254168290736,0.07155582474514986,0.000828753170532607,0.0018430770978902179
150,CZE,2005,0.045425030881775234,0.06885003023855521,0.0007523197643694733,0.0022378015949858342
151,CZE,2006,0.04676638431951832,0.06953984618588777,0.0006515120440401227,0.0020196873365243805
152,CZE,2007,0.041229078859655974,0.0676739786724832,0.0005481479998070044,0.0007872172788146003
153,CZE,2008,0.04091806905830391,0.06931866503580304,0.000527794521867729,0.0010067971522253957
154,CZE,2009,0.04397155750658026,0.07804476233080428,0.0007205668222445542,0.0020382688654557524
155,CZE,2010,0.04323086414120469,0.07678742519127417,0.001057042087284945,0.0015524608277013938
156,CZE,2011,0.043672160288912666,0.07596777324554278,0.0013473801416482814,0.002191263028479826
157,CZE,2012,0.043058615680997406,0.07658631318191166,0.0018094467104346238,0.0011548213304920921
158,CZE,2013,0.042646805201521344,0.07537902874326777,0.0024619747945016177,0.0020611603087638737
159,CZE,2014,0.04278355071995347,0.07506091264235115,0.0027720477269140083,0.0021322565532912218
160,CZE,2015,0.04161044306811125,0.07501397842088657,0.0026550938311578703,0.0016142093416050885
161,CZE,2016,0.0371569038391255,0.0735564305816813,0.002524865631639696,0.0008901452190054572
162,CZE,2017,0.03808880043495861,0.07297352714938427,0.0021433216252869118,0.0009929828951311221
163,CZE,2018,0.04332538985819902,0.07403648763380076,0.001762490884848587,0.002719798647606466
164,CZE,2019,0.04550449330762826,0.07434636430187175,0.0014799106585661837,0.0020253464629625788
165,CZE,2020,0.047377819810106366,0.0915588339551821,0.00147898587551331,0.0018406682682722494
166,CZE,2021,0.04683441256041171,0.09529935769540819,0.0013364501316236908,0.0015213019529135155
167,CZE,2022,0.04548763438541854,0.08776357925363736,0.0017102438171927065,0.0019486878627016173
168,CZE,2023,0.045397835836891484,0.08897275428929664,0.002496535761299683,0.0032981311290313947
169,DEU,2000,0.04033460740212019,0.064338438999652,0.0017354882939060554,0.002460486650451226
170,DEU,2001,0.04117912303635344,0.06490961180216531,0.0023465860179547942,0.0024030644081384886
171,DEU,2002,0.041422891479562386,0.06647416522740345,0.0023271085204375317,0.0024409002590673533
172,DEU,2003,0.04137967966940678,0.06739527224530663,0.0023513818663787626,0.0024031488613493325
173,DEU,2004,0.04068834385793471,0.0636360464710593,0.002380246310574573,0.002359749502843352
174,DEU,2005,0.04053729828740334,0.06434121193097804,0.004720278968572879,0.002254795309819291
175,DEU,2006,0.03975797343972805,0.06314164653900331,0.005035075715734167,0.002222423727835513
176,DEU,2007,0.03879719300453964,0.06246823642328407,0.004659706870373174,0.0020312954819016603
177,DEU,2008,0.03902412653300793,0.06367620709894657,0.004371582589354668,0.002036158907664267
178,DEU,2009,0.04277978411700809,0.06996957757318015,0.004961380753305782,0.0022253664519594203
179,DEU,2010,0.04325053706719364,0.06854277042575634,0.004787351972049681,0.0021796136174247267
180,DEU,2011,0.04237556454048888,0.06674151415126998,0.004732859986680334,0.0021471644691590896
181,DEU,2012,0.04153650575993262,0.06704482963026452,0.004453681286111175,0.0020686478263664235
182,DEU,2013,0.04225014648028832,0.06917984989258175,0.004492759688624799,0.0021131525348065255
183,DEU,2014,0.0418475329713209,0.06992700583216255,0.0029144068846999873,0.0020307051189714163
184,DEU,2015,0.04160193152172151,0.07042373567967851,0.0030291834783595026,0.0019477257628052436
185,DEU,2016,0.0411484585949807,0.0705091501856965,0.003395064625435392,0.0019304717296964678
186,DEU,2017,0.040998345896713445,0.06984578714002297,0.0034339904716446158,0.0018480326377694077
187,DEU,2018,0.04181945889546514,0.07034300653137464,0.0031899111954370126,0.0019512522113705616
188,DEU,2019,0.042956196532837686,0.07156763454487719,0.002983128140134831,0.001954804689268059
189,DEU,2020,0.04569227914958667,0.0833285985122984,0.003110487531959986,0.0021034200868501078
190,DEU,2021,0.04473705684272368,0.08525592553706549,0.0029648085386485895,0.0019956697475288715
191,DEU,2022,0.04393009345321652,0.08361875134362717,0.0030825650947810387,0.0019778190877246245
192,DEU,2023,0.044749913392505176,0.07527780100584154,0.003849912197919032,0.0020749961175950595
193,DNK,2000,0.06292719481917991,0.06693054379127936,0.006520125450260414,0.0
194,DNK,2001,0.06391094900815704,0.06928585290569926,0.006460353390489492,0.0
195,DNK,2002,0.06570258949725467,0.07069549124484509,0.006535684646588539,0.0
196,DNK,2003,0.06556885223687388,0.0713418471130588,0.006782747222246541,0.0
197,DNK,2004,0.06613694425323588,0.071920650979453,0.006763905399089779,2.066685944006701e-06
198,DNK,2005,0.06319314963916939,0.0741352825712572,0.0066899413164370775,0.0
199,DNK,2006,0.061391404143890015,0.07506353005738585,0.006504702568469835,4.747113474131763e-07
200,DNK,2007,0.05882327723585907,0.08024198759214131,0.006405331944132093,6.138331724396699e-07
201,DNK,2008,0.060328105264472846,0.08263990870205139,0.006300552410828178,2.2102722731896178e-07
202,DNK,2009,0.06859618242287747,0.0928709189171824,0.006726850057389246,6.360152569988138e-07
203,DNK,2010,0.0706420359139925,0.0898668143362683,0.006746118569108254,7.391489363136302e-06
204,DNK,2011,0.06761759077737946,0.08848102111571271,0.00689299192469959,0.0
205,DNK,2012,0.06935166421447146,0.09079911794596167,0.006986816290810643,0.0
206,DNK,2013,0.06845096923734975,0.08881369505219512,0.006896238322125921,0.0
207,DNK,2014,0.07108251109526087,0.08953570790982372,0.0070068836746768936,0.0
208,DNK,2015,0.07008891016850397,0.08927217119254648,0.0070565847011632,0.0
209,DNK,2016,0.06790801071769828,0.0880576190306574,0.006838102067210387,0.0
210,DNK,2017,0.06427075252442392,0.08667831417146996,0.006676863634686606,0.0
211,DNK,2018,0.06390975338988715,0.08690305368980303,0.006607867624617286,0.0
212,DNK,2019,0.06320646868844253,0.08730796453695132,0.006600745724797313,0.0
213,DNK,2020,0.06215753899645247,0.0930500468085024,0.006713857934869083,0.0
214,DNK,2021,0.05825354144774585,0.09342325839366124,0.006058698777325529,0.0
215,DNK,2022,0.05323899256812626,0.08260596379902592,0.0055070375324845185,0.0
216,DNK,2023,0.05532282321773523,0.08244212797284567,0.005723146205559928,0.0
217,EA20,2000,,,,
218,EA20,2001,,,,
219,EA20,2002,,,,
220,EA20,2003,,,,
221,EA20,2004,,,,
222,EA20,2005,,,,
223,EA20,2006,,,,
224,EA20,2007,,,,
225,EA20,2008,,,,
226,EA20,2009,,,,
227,EA20,2010,,,,
228,EA20,2011,,,,
229,EA20,2012,,,,
230,EA20,2013,,,,
231,EA20,2014,,,,
232,EA20,2015,,,,
233,EA20,2016,,,,
234,EA20,2017,,,,
235,EA20,2018,,,,
236,EA20,2019,,,,
237,EA20,2020,,,,
238,EA20,2021,,,,
239,EA20,2022,,,,
240,EA20,2023,,,,
241,ESP,2000,0.04074778131751172,0.051460153280962616,0.0004138555119222777,0.0041184800384205765
242,ESP,2001,0.03989397367602838,0.050459513979442275,0.0003124295606869623,0.0055766536654124925
243,ESP,2002,0.040393787746217366,0.0511561279583431,0.0003001024349644678,0.006399517702042296
244,ESP,2003,0.04021014522545157,0.05171655560165279,0.0004883621554212732,0.006164326390368518
245,ESP,2004,0.04079603841131781,0.05454742058393604,0.0005987961291027637,0.004414813402336299
246,ESP,2005,0.03956915146930969,0.05652489651144793,0.0006162982883715492,0.004636243942067791
247,ESP,2006,0.03961487637515699,0.056427218162423444,0.000775142888984409,0.004015021254238884
248,ESP,2007,0.04019893442569743,0.05686094543038326,0.0007127339006126056,0.004230001457021166
249,ESP,2008,0.04227314568441037,0.06054032965610481,0.0007775756181051962,0.005544608569332775
250,ESP,2009,0.04628747705011216,0.06802766102200372,0.0010167848721796071,0.007442753427338535
251,ESP,2010,0.04501993696299119,0.06604960334959702,0.0011437643028561883,0.001280236179901529
252,ESP,2011,0.04409136419354561,0.06485697442663485,0.001193049434354216,0.0009207534458074891
253,ESP,2012,0.04178813163391787,0.06247417863941232,0.0007809151669363045,0.000846554513477304
254,ESP,2013,0.04105291073385551,0.061753889233385734,0.0006239933232714465,0.0008560408403630155
255,ESP,2014,0.04096062463123714,0.061118495710567884,0.00045526777541533907,0.0008855102608501309
256,ESP,2015,0.040832959253508515,0.061156532169638664,0.00040658184253324547,0.0006521867112128304
257,ESP,2016,0.040364498689633245,0.060298299059546784,0.0003811331944750051,0.0005467658444104045
258,ESP,2017,0.03969320287447119,0.0592278448989084,0.0003880262285218104,0.0005598175763915986
259,ESP,2018,0.03940026858570084,0.059512850209027156,0.0003019114459083516,0.0006029979971557515
260,ESP,2019,0.039923108214817773,0.060553876095746834,0.0002975169696341211,0.0003373986009523679
261,ESP,2020,0.04605238688149376,0.07575623398221995,0.00034094511757735323,0.000363084410926532
262,ESP,2021,0.04523365121402796,0.07166561174091886,0.00035613861562444854,0.00041117821985731784
263,ESP,2022,0.04271095033666304,0.06794192609503744,0.0002846474557540652,0.00038947925531566453
264,ESP,2023,0.042073676988421765,0.0658228794306172,0.00041646533059605306,0.00040111484565421137
265,EST,2000,0.00409146706295127,0.0028934589766362578,5.4925976275688275e-05,2.2799461850285704e-05
266,EST,2001,0.004057971795440777,0.0027745798583309255,4.210843730888241e-05,2.380042108762919e-05
267,EST,2002,0.0041615313996356896,0.0027950462118848537,4.4106515324892494e-05,2.4503619624940274e-05
268,EST,2003,0.004001339501206792,0.0027299131439935303,4.0188764164786986e-05,2.119043928688768e-05
269,EST,2004,0.003936127911443844,0.002695100698454992,2.4180098409998712e-05,4.63996483002678e-05
270,EST,2005,0.003767935116224457,0.002629669515344094,1.4643694024190718e-05,3.998854906605926e-05
271,EST,2006,0.0037444653682069218,0.0027554591007014064,1.130831368276911e-05,4.8060333151768716e-05
272,EST,2007,0.0036666365110034882,0.002813477356828219,5.843555850515547e-06,5.80459881151211e-05
273,EST,2008,0.004139679915667919,0.0033510779979852388,6.145947726703786e-06,5.569765127325306e-05
274,EST,2009,0.004486757334821113,0.0037895613024565536,1.3572927301062153e-05,5.926844921463807e-05
275,EST,2010,0.004167514359911207,0.0036269998504442178,2.6895585543301226e-05,4.9019373651500616e-05
276,EST,2011,0.06061454234139051,0.05214475311788915,0.00044797897867602366,0.0006211975170974196
277,EST,2012,0.06071359400093747,0.05188936159719498,0.00036491186632017775,0.000757468570997945
278,EST,2013,0.058340892514420456,0.051650997684054886,0.0003391912355489561,0.0007566573716092099
279,EST,2014,0.05437605999927248,0.052240103154439214,0.000270063509116849,0.0008052802817302407
280,EST,2015,0.058141292001741104,0.055747294795055136,0.00022369357597264508,0.0007329534191444115
281,EST,2016,0.05546001504622329,0.05294975757988603,0.0002163238032032113,0.0007886805325117078
282,EST,2017,0.05572024055319069,0.051410342250751855,0.00020151242062929693,0.0007361372100539622
283,EST,2018,0.06084315311414254,0.05334271965490192,0.00019290070923916883,0.0006732612989131775
284,EST,2019,0.059644431104271256,0.05544031003303037,0.00020370845625060255,0.0007410773149806405
285,EST,2020,0.06316385174079525,0.06462476483157797,0.0002620310949069758,0.000746609147132205
286,EST,2021,0.0587800703453432,0.06486789266612915,0.00027657469551351313,0.0007566066383013349
287,EST,2022,0.057243123848452336,0.05919961429972249,0.0002689145360792066,0.0007024706248599683
288,EST,2023,0.06282376688226712,0.06519625376465361,0.0001073641966642888,0.0007672612103082102
289,EU27_2020,2015,,,,
290,EU27_2020,2018,,,,
291,EU27_2020,2019,,,,
292,EU27_2020,2020,,,,
293,EU27_2020,2021,,,,
294,EU27_2020,2022,,,,
295,EU27_2020,2023,,,,
296,FIN,2000,0.0585250685554228,0.057197952869062055,,
297,FIN,2001,0.05895044014023943,0.05845947459772248,0.002759088048792438,0.002717598002945935
298,FIN,2002,0.061034761519805955,0.061903799514955504,0.00278226893020749,0.0026273241713823756
299,FIN,2003,0.06288806570257412,0.06415360480905082,0.0028342802905467843,0.0026497225041855984
300,FIN,2004,0.062183052897486046,0.06478477519985275,0.002746612406372598,0.0026332201510636376
301,FIN,2005,0.061020489961495956,0.06658933841837213,0.002653856898205985,0.002447378329466846
302,FIN,2006,0.059683792179843556,0.06670099096962259,0.0025396127524426985,0.0023949878804357116
303,FIN,2007,0.05767698961290324,0.06464805221881907,0.0023040858766485584,0.002400312200963348
304,FIN,2008,0.05821274317513752,0.06699510432271309,0.002203312175358937,0.002445264680596951
305,FIN,2009,0.06480864995735547,0.07406938674443557,0.0026522133876248377,0.002635705835419704
306,FIN,2010,0.06538504467251821,0.07328312436552438,0.0028169463238851126,0.0026149765874556134
307,FIN,2011,0.06434949786243745,0.07375477473375369,0.0027927449343553325,0.0025195416255597027
308,FIN,2012,0.06421862679535673,0.07736378245116723,0.0030242841030452424,0.0025601612951521606
309,FIN,2013,0.06389774787834768,0.07860066733170584,0.003292431829461889,0.002535663916421395
310,FIN,2014,0.06371960846226613,0.07851643146875102,0.00360447888076553,0.0024871875834931957
311,FIN,2015,0.06362754053436855,0.07296662099413866,0.004367435487554234,0.0023978077186572262
312,FIN,2016,0.06243365149710199,0.07220107826458,0.0050065595201121285,0.0022946731133847253
313,FIN,2017,0.05811148789974518,0.0706300677329496,0.005620677685509126,0.0021094229793597193
314,FIN,2018,0.05756236389900939,0.0714775446842445,0.006420732627584463,0.002052564627757021
315,FIN,2019,0.05852388498981111,0.07209099522887041,0.006251100545870648,0.0020082341793910396
316,FIN,2020,0.061187797975353016,0.07733081768455843,0.0066289601374017,0.0019501918464213041
317,FIN,2021,0.059289125436156415,0.0783795082889808,0.0063956199450081255,0.002548600279783251
318,FIN,2022,0.05790909500834201,0.07544227502968545,0.005880717259623336,0.002487562189054728
319,FIN,2023,0.06324454851456172,0.07580857602809897,0.006164934874871949,0.002476950095126593
320,FRA,2000,0.05619479323384898,0.07006229244814383,0.009422352896704981,0.0070375827959399785
321,FRA,2001,0.05647646785518543,0.07057777518676146,0.009292379849849285,0.006718642907332302
322,FRA,2002,0.05815765824443364,0.07329960824425628,0.009506247868000287,0.0074629494559567714
323,FRA,2003,0.057917314096272626,0.0757689885699013,0.009221402925502751,0.0075965621426401005
324,FRA,2004,0.05575117664992535,0.07616261632442212,0.00918514785352355,0.007645151307313684
325,FRA,2005,0.05529305477938926,0.07692016510108983,0.009004296535218363,0.007463475591494813
326,FRA,2006,0.05481628376018258,0.07593684751547705,0.00875775614229259,0.0074527870975234405
327,FRA,2007,0.05314064679979862,0.07476328597444576,0.008374115520170249,0.007199117920994278
328,FRA,2008,0.05393719406088351,0.07457991074069004,0.008739699810004994,0.0071949759590416
329,FRA,2009,0.05670870973750834,0.07957991573891282,0.009852569442457089,0.007958818088393873
330,FRA,2010,0.056405693352921754,0.07975501522963926,0.00906779509448338,0.0073018294752538815
331,FRA,2011,0.054700904603341316,0.07917837254031224,0.008985804756162754,0.007332668846084025
332,FRA,2012,0.05489715564438536,0.0800641980816139,0.009267884529456602,0.007023939768423552
333,FRA,2013,0.05484702798625127,0.08047815082015468,0.009297041684448783,0.006982331564869083
334,FRA,2014,0.054790447340015425,0.08173946901777071,0.009327989619512134,0.00659923924649706
335,FRA,2015,0.05439080265954197,0.08067860039712878,0.009243656405083012,0.0061002045242449145
336,FRA,2016,0.05413655371367142,0.08133588957385292,0.009411156602649781,0.005835150087426591
337,FRA,2017,0.054067746354695224,0.08131325461817286,0.009391361492145261,0.005791383222923144
338,FRA,2018,0.053400265980254824,0.08053918487631571,0.008860630727461445,0.0057783030283061945
339,FRA,2019,0.05033782489219167,0.08145442237888509,0.008349207805849256,0.006288527768280119
340,FRA,2020,0.051806165287810735,0.08971666102597964,0.009113668164302256,0.006061400276636469
341,FRA,2021,0.050665796207754396,0.09358669301487428,0.008192249574508988,0.006013311339015164
342,FRA,2022,0.050429402338976546,0.09092672198716983,0.007706835226620132,0.006171870145569378
343,FRA,2023,0.05008264791929691,0.08871391589434247,0.007294714324191432,0.006360421173825082
344,GBR,2000,0.04659324466445197,0.04940119395783901,0.0114089405291646,0.0024536625821541197
345,GBR,2001,0.04921292315216361,0.05216302852578225,0.010606767501244674,0.00339161774245953
346,GBR,2002,0.05533954668713364,0.055506565763066965,0.01095275849713501,0.0032908633001736682
347,GBR,2003,0.05621653396048954,0.05809688228878797,0.010293436833525512,0.0039705072900164794
348,GBR,2004,0.05566356892674766,0.06177658108068348,0.01013618317076853,0.004462461067721607
349,GBR,2005,0.055188052983001966,0.06307083496334474,0.010181986301835817,0.005370529497218835
350,GBR,2006,0.05628389522229022,0.0648885037544028,0.010261535755373492,0.005935454345891969
351,GBR,2007,0.05673175489467295,0.06522808379033963,0.010347354142387025,0.006001102837303551
352,GBR,2008,0.05779224007454475,0.06857478653852456,0.010833377930839444,0.005234385988595945
353,GBR,2009,0.062125508891959454,0.0769875178626215,0.012837924600227821,0.005653877777318197
354,GBR,2010,0.06251643557905769,0.0758663220919671,0.013578041879875886,0.005000146094036068
355,GBR,2011,0.0581003133664945,0.07373014393205789,0.013785118399605447,0.004093011506144033
356,GBR,2012,0.05578873966791436,0.07329106648421693,0.013970234257154757,0.0032619192806271706
357,GBR,2013,0.05301452091967887,0.07343991476180298,0.013711426263401983,0.0029943397211458
358,GBR,2014,0.05319100957093472,0.07470279418033898,0.01319023642238393,0.0031231980001224127
359,GBR,2015,0.05200498212581488,0.07541387700494304,0.012721953235433627,0.0031266126814617243
360,GBR,2016,0.0508142766406664,0.07567764335511602,0.011959962744364587,0.0030964353587110164
361,GBR,2017,0.050399715660814984,0.07412700264452073,0.010918585795355543,0.0032034958807589755
362,GBR,2018,0.049427548333355636,0.07522163243719082,0.010019235774160975,0.0032799603640403614
363,GBR,2019,0.049025010284607165,0.07643913996958705,0.00850970110402292,0.0036290450736619576
364,GBR,2020,0.05468588809243327,0.0994515770487658,0.00851538826500391,0.0038184233220473094
365,GBR,2021,0.05344228581429937,0.09821475452874753,0.007729062746127577,0.003897785945567508
366,GBR,2022,0.04919039845980171,0.08885905317705466,0.00609793748327678,0.003936783474534003
367,GRC,2000,0.00011840465880557577,0.00017267799441687994,,
368,GRC,2001,0.03827352710947435,0.0648947558716021,0.0014311029984226632,0.0
369,GRC,2002,0.040244865494611044,0.061389939468323815,0.0007992334507921193,0.0
370,GRC,2003,0.04372300114013686,0.06143736471294061,0.0011315595408049083,0.0
371,GRC,2004,0.04210577580712366,0.057769717297352335,0.0019692417148918784,0.0
372,GRC,2005,0.043070567224993334,0.06321705736575789,0.0019920586581591865,0.0
373,GRC,2006,0.03708372244137979,0.05994431841977661,0.0017172278669218275,0.0
374,GRC,2007,0.0364484435936699,0.06101199921405388,0.0038729469799184965,0.0
375,GRC,2008,0.03824317585607528,0.06546578263467695,0.0034850298260957974,0.0
376,GRC,2009,0.041865358548757704,0.06906717255383228,0.003486646068739556,0.0
377,GRC,2010,0.04150444785904099,0.06935446906790396,0.0006485069977975155,0.0
378,GRC,2011,0.04512593928681857,0.06599828345487764,0.0009829217879943055,0.0
379,GRC,2012,0.04643377524817699,0.06106536337086483,0.00024206671526505615,0.0
380,GRC,2013,0.0453979174909641,0.05451006442243017,0.001280079790742,1.1228770094228073e-05
381,GRC,2014,0.043499289094167594,0.0482246329414515,0.0008064889739354742,0.0
382,GRC,2015,0.041702098433854425,0.05008471633317974,0.000427684586700271,5.702461156003613e-06
383,GRC,2016,0.04016665464304028,0.05334535294821361,6.878833391130061e-05,5.732361159275049e-06
384,GRC,2017,0.03880967348813989,0.05460076811920902,0.00024241951772080406,0.0
385,GRC,2018,0.04071629316563706,0.055388332448875865,9.965913475407493e-05,5.5366185974486065e-06
386,GRC,2019,0.03949644676432153,0.056949620942922455,0.001971042257174919,5.40011577308197e-06
387,GRC,2020,0.04445518340335611,0.06622915078459175,0.0023397464949134793,5.968741058452753e-06
388,GRC,2021,0.0403034903207286,0.06555615444022263,0.0034024185940875872,1.625359200997255e-05
389,GRC,2022,0.04147138052572771,0.05979191614544594,0.0021697903268101154,5.292171528805159e-05
390,GRC,2023,0.03960090195028497,0.057980374160671776,0.002482272279682586,6.216782095806118e-05
391,HRV,2000,0.007966542179867014,0.009421013025769264,0.00014889100782848657,0.0006737754734760507
392,HRV,2001,0.007578839743256572,0.008828337196453682,0.0001473390433330754,0.000801659521485957
393,HRV,2002,0.008440034121619715,0.00828222056698896,0.0001526860384153152,0.0007163330060977227
394,HRV,2003,0.007985951110028183,0.008237729690830035,0.00014988230810086651,0.0008447911911139746
395,HRV,2004,0.007636783915606645,0.008808242817440472,0.00013673754409719254,0.0007353406050464316
396,HRV,2005,0.007493491885093122,0.008845876146448932,0.00012188486384651467,0.0008234323323160216
397,HRV,2006,0.0070085277196047634,0.008739977247415645,0.00011602870750956112,0.0006208347603659844
398,HRV,2007,0.007006747300980613,0.00868806486859534,9.191856569638525e-05,0.0008601804764535534
399,HRV,2008,0.006710194740585459,0.008105893231241964,8.868294308515587e-05,0.001010399657853097
400,HRV,2009,0.007446093517900681,0.008680484024579408,0.00012034464754281307,0.0009194233897687992
401,HRV,2010,0.007255593498703373,0.00890360242298151,0.00013765786905388272,0.000720699385676141
402,HRV,2011,0.006881940417389378,0.008516987315496697,0.0001254501795662197,0.0008657460577984648
403,HRV,2012,0.006841546917507078,0.008687545680750874,0.00012622670695025475,0.0009990027094067691
404,HRV,2013,0.00665683065749932,0.008488514877386779,0.00012479104713461887,0.0010269708657175652
405,HRV,2014,0.006833878544951512,0.008501360085291605,0.0001669874579758831,0.0010109716041944326
406,HRV,2015,0.0065228423588916395,0.008975465390254006,0.00016243142449094903,0.0009938276086638232
407,HRV,2016,0.006433630333812606,0.008766927384279694,7.288588456815563e-05,0.0009962094046583932
408,HRV,2017,0.006459290154207162,0.009029447816712789,3.815482923439924e-05,0.0008582418313915114
409,HRV,2018,0.006432460520266946,0.009357703130447162,5.028204610241792e-05,0.000619008917837111
410,HRV,2019,0.006996455476884719,0.009795445458067587,4.864006321577404e-05,0.0006275059468604709
411,HRV,2020,0.007572965137072092,0.011543511290771588,5.378574542719986e-05,0.0006536715714867255
412,HRV,2021,0.007151466516469341,0.01113003511421138,5.0058214982901016e-05,0.0006700327391907921
413,HRV,2022,0.006648000212126386,0.010296650661546546,0.0001267842030947202,0.0006348233941433145
414,HRV,2023,0.05267766870012339,0.07838889833824683,0.0016402154786636111,0.0052526100592698065
415,HUN,2000,0.053102621003032945,0.05243075323656939,0.004829987724615902,1.1182785657179233e-05
416,HUN,2001,0.053552819643302434,0.049701489175303606,0.0033370058245133258,1.37023358302322e-05
417,HUN,2002,0.05662077172836756,0.054480016887684224,0.006061734450287517,0.0
418,HUN,2003,0.06400378870415892,0.05808638401358097,0.007438574977643462,6.534236628288353e-06
419,HUN,2004,0.05881896378676031,0.055289083185817205,0.009063923911434516,5.25815592228092e-06
420,HUN,2005,0.05981341153600346,0.05687753635035368,0.010368061629302783,2.0181486442599738e-05
421,HUN,2006,0.05911496496115549,0.05653213712696301,0.010430056853840488,4.84280218911089e-05
422,HUN,2007,0.05507809651899347,0.04929763802333203,0.008618321761958888,3.1116581014951725e-05
423,HUN,2008,0.05291668565378006,0.04890416442350388,0.006777627294607778,0.0
424,HUN,2009,0.05358339567833608,0.05221107512498447,0.007447332330592786,0.0
425,HUN,2010,0.05476092076530371,0.04970156004201999,0.006176002387912619,0.0
426,HUN,2011,0.05045429981888843,0.050729124420662575,0.005318905514790319,4.1348084928405825e-05
427,HUN,2012,0.04673773998089629,0.05085863250803159,0.004999408379545873,5.862750055342622e-07
428,HUN,2013,0.047102977365208513,0.05009557390849611,0.004827341468506948,2.645633125540769e-05
429,HUN,2014,0.051985070313232636,0.047927329453056694,0.003660999014562137,0.00025353068997080127
430,HUN,2015,0.05199153226951587,0.05146518054959356,0.002645715328546684,0.00016522135872588527
431,HUN,2016,0.04960520253369904,0.04715888505171934,0.001594513010394269,0.00024793776924945184
432,HUN,2017,0.05060171346190623,0.04683613955905561,0.001437233590013043,0.0003763740664264319
433,HUN,2018,0.05008943983076838,0.046478080499765866,0.0007890204166206643,0.00028750739569789876
434,HUN,2019,0.04690030686836882,0.04532001772783246,0.0008179059246463917,0.0006530158553097088
435,HUN,2020,0.04759045830490398,0.06367681771093245,0.0009513572177499563,0.001437553022043343
436,HUN,2021,0.04986002475827488,0.05660958847967629,0.0009438279450782113,0.0012048951673324653
437,HUN,2022,0.05051712671867699,0.04440258291266465,0.0008710004432634728,0.001929726773268443
438,HUN,2023,0.052702936691485056,0.040773111334675545,0.0011255193800889145,0.003403280974668712
439,IRL,2000,0.03955139471539608,0.0486832197847776,0.007318474445466424,0.0019540940620933183
440,IRL,2001,0.04095956943733837,0.05235017807557914,0.009383223446167845,0.0015371551289224937
441,IRL,2002,0.039929441848562744,0.05880782242113249,0.010426926169900838,0.0014589196506234131
442,IRL,2003,0.041060167435684594,0.060997952325582694,0.009590604286585622,0.0016678475549417255
443,IRL,2004,0.04104960969813625,0.064028370263599,0.008027392764253327,0.001553885038655849
444,IRL,2005,0.04106296071092511,0.0599754214108855,0.009421352111291317,0.001531471753338694
445,IRL,2006,0.04011848759008113,0.059327562695505834,0.008839515520548315,0.0016370114117016587
446,IRL,2007,0.04326141031050845,0.06231256729482291,0.009007080937113216,0.0019268339362038909
447,IRL,2008,0.047068184513058546,0.06920335095260637,0.01083227086360538,0.002141251669405545
448,IRL,2009,0.04734670564628257,0.07878234150395044,0.009595875085065335,0.001373232614113543
449,IRL,2010,0.04621873054407293,0.07467976941785816,0.007044848854032009,0.0013125445106848376
450,IRL,2011,0.052059025891648555,0.07864609988699041,0.006383257891099513,0.0018005524820357685
451,IRL,2012,0.05016743876629176,0.0760825052466702,0.005949960106815156,0.00099687030549428
452,IRL,2013,0.04607213649101375,0.07143640860837755,0.005669766789859378,0.0009111169919852779
453,IRL,2014,0.044023034815699864,0.06547765570162618,0.0048077795229763114,0.0007032228446019272
454,IRL,2015,0.033009054201031854,0.05012667426305822,0.004330231612647881,0.0006389419690441304
455,IRL,2016,0.03382849913301537,0.051077987774403116,0.005173278921166007,0.0009869087901242517
456,IRL,2017,0.03203328946893562,0.048044845438406335,0.006697236098875666,0.0008782171184466362
457,IRL,2018,0.03101105452262844,0.04725236918750896,0.007058022527111174,0.0012425875182594213
458,IRL,2019,0.03136463026945007,0.046737781950929855,0.008737583097525304,0.0012004676516904362
459,IRL,2020,0.03149519843230299,0.053858647212272966,0.008248615988080186,0.0011326318754963753
460,IRL,2021,0.02756245314258748,0.05048318055497446,0.007918808938974385,0.0009339593648894665
461,IRL,2022,0.02528156373495411,0.0465586765528328,0.008282985754047702,0.0009631713601922258
462,IRL,2023,0.02784408219156304,0.051714965394200445,0.009399123492858076,0.0012378424638817742
463,ISL,2000,0.07085548922238562,0.07760321228299481,0.0071246604383829485,0.0020238715722941136
464,ISL,2001,0.0725263381079719,0.07642726164789557,0.006963059148099635,0.002491596778564303
465,ISL,2002,0.07716272416093782,0.08318639976522153,0.008137112277633474,0.0054128621178973855
466,ISL,2003,0.0772103228559984,0.08549096710480317,0.00889535853747375,0.002587642159191493
467,ISL,2004,0.07624633837211892,0.08125705007758098,0.007937235266396558,0.0026332487945849906
468,ISL,2005,0.07797293195359851,0.07842862007911261,0.007266392222251963,0.0021509519632788576
469,ISL,2006,0.07661820169548306,0.075855529137329,0.006107801201879663,0.004896982437831425
470,ISL,2007,0.0743364630136393,0.07474091847061216,0.005714029258675179,0.002203343490849712
471,ISL,2008,0.07516053610863445,0.0740947064097819,0.006318186518034631,0.0026749068699150258
472,ISL,2009,0.07566595557720807,0.07713559034556128,0.0089937934077923,0.0021163490791646904
473,ISL,2010,0.07179985352466219,0.07229904835147966,0.009669886791271372,0.0016045467269002573
474,ISL,2011,0.071250658502431,0.07090387833618966,0.013397962515390922,0.0020680521642989992
475,ISL,2012,0.069657258673673,0.07158041464973414,0.010658692289380349,0.0024710055592747416
476,ISL,2013,0.06820824891011568,0.07136044213176176,0.007142634081039886,0.0019048184874750872
477,ISL,2014,0.06946573325340193,0.07293098918161198,0.006970562478412408,0.002459532853456204
478,ISL,2015,0.06802287493113868,0.07197750147617125,0.0059497644446107195,0.0029372337019270677
479,ISL,2016,0.06699413114997003,0.07357712443296814,0.004700813019956638,0.002812952148398163
480,ISL,2017,0.06994891354131162,0.07554762939288998,0.004127201946920152,0.0032574156831149353
481,ISL,2018,0.06997377956241785,0.07753712201042336,0.003783837145739781,0.003995615769348752
482,ISL,2019,0.06999233207406655,0.07856198963513862,0.0036685569938747736,0.0036177523263423044
483,ISL,2020,0.08097904590624,0.08660062352425468,0.0038723591536325287,0.0035977177722143253
484,ISL,2021,0.0762272105540553,0.08929426626777595,0.003639058834768922,0.0037695046031719854
485,ISL,2022,0.06960891590677985,0.08432818045786991,0.003064672613930253,0.003707475862832553
486,ISL,2023,0.0674603763897852,0.08196794940245704,0.0030739891139085177,0.003631634545725048
487,ISR,2000,0.0687180089140025,0.048594548376613596,,
488,ISR,2001,0.0726583170558198,0.05147453772411463,,
489,ISR,2002,0.07310545339202855,0.051915125111962855,,
490,ISR,2003,0.06967766994979141,0.05132144882238935,,
491,ISR,2004,0.0663902814823726,0.05048108224961751,,
492,ISR,2005,0.06404112480846322,0.05022173806423005,,
493,ISR,2006,0.06195983434176982,0.04863135505465874,,
494,ISR,2007,0.06253107594586922,0.047604090233345504,,
495,ISR,2008,0.06437118525446625,0.047768167025636646,,
496,ISR,2009,0.06457509112518449,0.04831048037602036,,
497,ISR,2010,0.06528863589017125,0.049036321108427115,,
498,ISR,2011,0.0647217361460371,0.04852913150859274,,
499,ISR,2012,0.06841945912330381,0.05021711607093754,,
500,ISR,2013,0.06859448029686313,0.049854022802607874,0.0016642049064852919,0.0014992756435404497
501,ISR,2014,0.06834822751266131,0.05071222782169021,0.0012834729927995187,0.001666945382373246
502,ISR,2015,0.06791655977935682,0.05061708787210992,0.0012465727330105113,0.0017067563475024743
503,ISR,2016,0.06831979821424092,0.05188773577696696,0.0017170645584599481,0.0017980371384098126
504,ISR,2017,0.06979445969223516,0.05264684652389239,0.0016337556096935732,0.0020638697149996457
505,ISR,2018,0.07097607014171231,0.052928922082524935,0.0015673003036826773,0.0018015570396978419
506,ISR,2019,0.06986170355685822,0.05280835231051882,0.0017329418260606812,0.001911907766571828
507,ISR,2020,0.07010373748035308,0.06119313072383559,0.001800364580242695,0.0018578442132683845
508,ISR,2021,0.06617025150703758,0.0579941341407301,0.001482001957194731,0.0018458747840836196
509,ISR,2022,0.06498770997118108,0.05211311906457438,0.00123345747121533,0.002126138008667695
510,ISR,2023,0.06476366229911557,0.051936200519475874,0.0031165918433194973,0.0022347389283099263
511,ITA,2000,0.04367644372233208,0.05779741733281346,,
512,ITA,2001,0.04442409735851598,0.06089530285687613,0.00010239770335706812,0.002654698667630259
513,ITA,2002,0.04454201896936706,0.061974635164615224,0.00011582251358018983,0.0027627726965465667
514,ITA,2003,0.045735201009587244,0.06212010124440509,0.00012791324195040273,0.0028591110672824657
515,ITA,2004,0.04352196120618906,0.06540542387646799,0.0001427242015370004,0.0029649580521220135
516,ITA,2005,0.04479674807052286,0.06783525099609655,0.00015609645720411638,0.002908463903461314
517,ITA,2006,0.04390625799348407,0.06849057757720155,0.00018078496833249874,0.002849607036304812
518,ITA,2007,0.04462894054409739,0.06637913146857904,0.00021520434083804708,0.0029259157515086915
519,ITA,2008,0.043273520993980186,0.06970048648223763,0.0002956710113676374,0.002945150958910973
520,ITA,2009,0.04576913627288271,0.0739426154852692,0.000344042459763446,0.0032339991217763923
521,ITA,2010,0.04394019152817883,0.07362365351547744,0.00035106267847103464,0.0033987564593524994
522,ITA,2011,0.04107786457299473,0.07058203692590614,0.00034935031099418413,0.002810490066685509
523,ITA,2012,0.04081190594516439,0.07054204532614856,0.00033498714096436493,0.0024882134437627327
524,ITA,2013,0.04119904960380551,0.07046615020027362,0.00033985897517900955,0.002399984160474639
525,ITA,2014,0.04084717698042931,0.07045850261881818,0.0004535810807052089,0.002000158080953428
526,ITA,2015,0.040393675692279175,0.06960894142932357,0.0005266709221196197,0.001912488816509715
527,ITA,2016,0.03948361173112196,0.06834357397897622,0.00044754494615296486,0.0016535114065599056
528,ITA,2017,0.03964234880850803,0.06761276772105192,0.00039381069456856865,0.0013843563717366714
529,ITA,2018,0.039544379945732684,0.06723463733031453,0.0003060057452578611,0.0013669006635599308
530,ITA,2019,0.03955934447660064,0.06711225992296826,0.00033535343591489407,0.0016551493547799566
531,ITA,2020,0.04319783589565957,0.07802159972632385,0.0004161646991856687,0.0018089691456689282
532,ITA,2021,0.04187874632145301,0.07376306873991384,0.000370690505774902,0.0017307935913853038
533,ITA,2022,0.04005603451362296,0.068511887179466,0.0003455087789524458,0.0018547311844055933
534,ITA,2023,0.03926811326345925,0.06497740086073238,0.00033787571756296707,0.002085994868236455
535,JPN,2005,0.034297019780783644,0.06021625771298184,1.8778790595981998e-07,0.004744649231980812
536,JPN,2006,0.034042063949777726,0.05988206515453811,1.8685642430840268e-07,0.004551261926879764
537,JPN,2007,0.03420270969946959,0.06085148424598476,0.0,0.004418839745069696
538,JPN,2008,0.0346865773548343,0.06313016189218318,1.7051145714180849e-06,0.004400900708830077
539,JPN,2009,0.037796223089073454,0.07043847086019209,0.0,0.0048044368295757575
540,JPN,2010,0.03611967307221365,0.07138994157821509,1.18687177393416e-06,0.004730475266976917
541,JPN,2011,0.03630845298883965,0.07493051045042012,7.236924234830954e-05,0.004061723726798872
542,JPN,2012,0.0360126096284188,0.07603820932406777,8.112298184104017e-05,0.0039034940227747794
543,JPN,2013,0.036012735192370554,0.07640761579601053,6.585406032546458e-05,0.004123840231365959
544,JPN,2014,0.03589650180894392,0.07633396362066344,5.26203183818385e-05,0.0041720395288457664
545,JPN,2015,0.0343968196704919,0.07603874339886287,3.865938903668052e-05,0.003950320454738499
546,JPN,2016,0.033355034475055875,0.07497015786845801,3.692378233264984e-05,0.004089722219262604
547,JPN,2017,0.0328701636131216,0.07531392781784685,2.784442560023723e-05,0.004095481066694633
548,JPN,2018,0.032761972448130276,0.07550633715280577,1.85042095280151e-05,0.004216983594670859
549,JPN,2019,0.03339906666083537,0.0771634103516189,9.32048635731733e-06,0.004100117796608345
550,JPN,2020,0.035940172824347597,0.0855307496255151,6.669035409243501e-06,0.004300231082076928
551,JPN,2021,0.03439664086849232,0.09113048558068701,3.9813859349217155e-06,0.004063728234939415
552,JPN,2022,0.034148213512673796,0.09261758899830466,1.6079752714842918e-06,0.0041303524806859835
553,JPN,2023,0.03252055505548476,0.08142911872659649,2.3700930820199515e-06,0.00380247576537501
554,KOR,2000,0.03748259765998128,0.01947637666556054,,
555,KOR,2001,0.0412429177006594,0.025055408472725405,,
556,KOR,2002,0.04171316870429181,0.023904553074462556,,
557,KOR,2003,0.04293043737217669,0.024316229445164563,,
558,KOR,2004,0.045624348064914194,0.024597415310166727,,
559,KOR,2005,0.04294667837987841,0.026185050636282386,,
560,KOR,2006,0.0410000736097271,0.029209452855875975,,
561,KOR,2007,0.04314115872450866,0.030649224360136215,,
562,KOR,2008,0.04636181395093199,0.03245699306238496,,
563,KOR,2009,0.048959983615403706,0.03614975391332023,,
564,KOR,2010,0.04442371272827553,0.037602660555119904,,
565,KOR,2011,0.04518339498172018,0.03776822913388938,,
566,KOR,2012,0.04596818132146987,0.03794720437364065,,
567,KOR,2013,0.04648061848360019,0.038102793334653155,,
568,KOR,2014,0.047351162295354514,0.03959476339582685,,
569,KOR,2015,0.0471216156327147,0.04019715318339865,,
570,KOR,2016,0.0456984904924208,0.04223343380172888,,
571,KOR,2017,0.04567597088062595,0.043132960345224826,,
572,KOR,2018,0.047671978732963013,0.046861260182393595,,
573,KOR,2019,0.05111587275664231,0.05182966925246633,,
574,KOR,2020,0.051775462794373034,0.055930247622997746,,
575,KOR,2021,0.05366367837145894,0.05724026022977311,,
576,KOR,2022,0.05205655412392838,0.059826885704088346,,
577,LTU,2000,0.01726043215993804,0.014299138675308052,0.0003757349429409194,0.0002540972482791701
578,LTU,2001,0.017284203999101154,0.015839146916254883,0.000812143694225582,0.00021124299955252394
579,LTU,2002,0.01750896093300017,0.01467988576544442,0.0009633365600501133,0.0003996923185501458
580,LTU,2003,0.016479931771679668,0.01450485505105899,0.0008743765905904938,0.0002490774793219643
581,LTU,2004,0.01880787916943267,0.011886725113884505,0.000172993272333608,0.0004478217068087549
582,LTU,2005,0.017970767033648524,0.014334302825929793,0.00025933317316381016,0.0005645122534045027
583,LTU,2006,0.015607238788327427,0.013275979656219709,0.0002479292820204607,0.0005494257665796488
584,LTU,2007,0.014399077194758502,0.013248431619783065,0.0002083469364760067,0.0004464149773416017
585,LTU,2008,0.01660439261639515,0.014364408155123876,0.00017677552194953836,0.0004155510889782173
586,LTU,2009,0.019438079026318462,0.01597534137751075,0.0003080398844820105,0.0006844734275262519
587,LTU,2010,0.017356577593516272,0.015799156198736654,0.0003790926203000417,0.0005331382679413016
588,LTU,2011,0.016302375311707248,0.015140453096051444,0.00043761070435422073,0.00045851597152746573
589,LTU,2012,0.015779418445154823,0.013587050519531995,0.0003321716759252806,0.0003740090950919389
590,LTU,2013,0.015246411785200736,0.01314687704317317,0.00029293516451290257,0.00035678639509975694
591,LTU,2014,0.014663113712472392,0.01290904913377758,0.00021574524614273793,0.0004006811158067896
592,LTU,2015,0.05059385352533606,0.04700097332545526,0.0005266993572825559,0.0013813839127106383
593,LTU,2016,0.047871372527686015,0.04762640010369855,0.0005087492506574465,0.0021918720880223863
594,LTU,2017,0.04543064218470389,0.04579918542482015,0.0005194614603949355,0.002400025490513213
595,LTU,2018,0.04483691734059766,0.04735457856651452,0.0006838253433463641,0.0031250948775017324
596,LTU,2019,0.045746041576235755,0.050235754078459254,0.0006649169372723457,0.002989486046624596
597,LTU,2020,0.051325776803545956,0.0585360191913954,0.0006790066020012727,0.0034577013603229187
598,LTU,2021,0.04727092409266662,0.058374554174299785,0.0008161657703604514,0.0026341018053353963
599,LTU,2022,0.048712732892920274,0.051624431788060914,0.0014492525023621508,0.002810891642521353
600,LTU,2023,0.051467191902845294,0.05282179496152978,0.0018440814748477946,0.002923048016789162
601,LUX,2000,0.042404457281808194,0.043501645586685754,0.0,0.0019651068886328
602,LUX,2001,0.04397298496655728,0.04920207124916131,0.0,0.0023320878920334593
603,LUX,2002,0.046116735237571045,0.0496723573946826,0.0,0.0045907628030985035
604,LUX,2003,0.04868669794172939,0.05201948642267303,0.0,0.0031024939788855373
605,LUX,2004,0.04904789167639504,0.054072832445770325,0.0,0.0026290036033773576
606,LUX,2005,0.04854630559255735,0.05442260037371124,0.0,0.0024427870347417855
607,LUX,2006,0.04422730094429986,0.049247338225889364,0.0,0.0018416947219820656
608,LUX,2007,0.042716756376531016,0.04700373410983002,0.0,0.0015171921568365027
609,LUX,2008,0.04326915975254811,0.04737042965157398,0.0,0.0016898461690117595
610,LUX,2009,0.04867128904563991,0.05281307963845909,0.0,0.0034957081354380355
611,LUX,2010,0.050118960542975835,0.04975506874972627,0.0,0.003460627462180274
612,LUX,2011,0.049895691821574016,0.04923599611997883,0.0,0.003384437489613311
613,LUX,2012,0.05070149879730226,0.05034814979023232,0.0,0.003247414931763878
614,LUX,2013,0.046806679258847496,0.05212743939548936,0.0005986415298059263,0.0013172557921928973
615,LUX,2014,0.0456489602640373,0.050623924988822594,0.0002629784194348191,0.0019464650854055885
616,LUX,2015,0.04468723754349277,0.049085646595312955,0.00044105991499733717,0.0015928394920171841
617,LUX,2016,0.04349802594175746,0.047674650550167876,0.0004908548004176333,0.0016750264392649576
618,LUX,2017,0.04440285359927801,0.04988809805616752,0.000749542916351843,0.0015384540271634504
619,LUX,2018,0.04683658486718505,0.051283271894069546,0.00071804996989079,0.001488993127278747
620,LUX,2019,0.04807522814313816,0.051790978881839374,0.000785981070558101,0.0015247103751054743
621,LUX,2020,0.049952059122189585,0.05789356739224853,0.002224434413179736,0.0009308125886962654
622,LUX,2021,0.04711248594889557,0.05416657568746418,0.0028216911739302156,0.0010544374403510404
623,LUX,2022,0.04706922570908949,0.05359517083929883,0.002845386887487262,0.0007594577512930644
624,LUX,2023,0.05144079491388825,0.05582815663905194,0.002558958104730344,0.0011553453123254074
625,LVA,2000,0.07899176223726592,0.056307362453237586,,
626,LVA,2001,0.0806774690186717,0.04612502042536148,0.0011821444344568468,0.006464852375935881
627,LVA,2002,0.08360043760968391,0.05317197707551486,0.0015565771856196377,0.005913244342224714
628,LVA,2003,0.07917697652840715,0.04775082251263108,0.0014690645434729422,0.005121495140433741
629,LVA,2004,0.08545827363746353,0.04872926186483603,0.0014632165719303785,0.005021523660851648
630,LVA,2005,0.07861611924066796,0.05772305699702948,0.0011901661236500926,0.005239554330850088
631,LVA,2006,0.08410743541041835,0.06355800822042078,0.0011884490037643595,0.006054016857529981
632,LVA,2007,0.082608454183341,0.06024871378771078,0.0014964268994619838,0.005252709806245867
633,LVA,2008,0.09403651336271684,0.06429138842836517,0.0019417802778733868,0.005228244921377952
634,LVA,2009,0.09698073182581154,0.06599296968702952,0.0013065551667042615,0.004240722367829742
635,LVA,2010,0.08959015136601754,0.05902873969762163,0.0018747952488773379,0.0039849439715854635
636,LVA,2011,0.08943624391672551,0.0630784743134533,0.002282187969067148,0.005082372549534406
637,LVA,2012,0.08454971894914794,0.057512420882892254,0.00235751967974335,0.0045585906850872555
638,LVA,2013,0.08475921780654562,0.05411104458295226,0.0020579419894317546,0.004844846427890814
639,LVA,2014,0.06118249683365844,0.039415098524582276,0.0012711433994112686,0.0031267407194355197
640,LVA,2015,0.06076373059041677,0.03854783785034729,0.0011013186637968094,0.003056738379287664
641,LVA,2016,0.05740713573183196,0.03818080482243389,0.0011319210974663142,0.0025291680922831894
642,LVA,2017,0.05982405129420956,0.0363994826792569,0.0011650017634536871,0.003488086771145567
643,LVA,2018,0.06032974368356903,0.041612672382556545,0.0009611613044983356,0.0036617191012835704
644,LVA,2019,0.05938985830859102,0.043205937592384745,0.0007065309058568243,0.003308756271899144
645,LVA,2020,0.05984737379868866,0.04839288072887103,0.0007962540813581962,0.0035689428743300327
646,LVA,2021,0.05926876937801418,0.06522565997528292,0.0007495671404633072,0.003152208590287222
647,LVA,2022,0.056586789991573204,0.05638764118514761,0.0007279041213997836,0.0026545788049830766
648,LVA,2023,0.061385400052512674,0.05327329722045054,0.0005430932044938123,0.0028058109334899452
649,NLD,2000,0.04755954895165941,0.04628575093268072,0.003471984183674569,0.0017160889977907421
650,NLD,2001,0.04700160060960082,0.04762486514916159,0.0032943982805354816,0.0018760055576147999
651,NLD,2002,0.049413304010133205,0.051278482246008665,0.0035434409555757493,0.0018771090135036518
652,NLD,2003,0.0520993356004376,0.053662742935051494,0.0031967310220800825,0.001918815461613075
653,NLD,2004,0.051934541445858906,0.05337366645785158,0.003173599863047921,0.001685563412739145
654,NLD,2005,0.051390109234489126,0.05338605226333261,0.0030969659496457294,0.0015927770003723804
655,NLD,2006,0.05167641511361041,0.06610842905876932,0.003487992046901464,0.0014980151299528004
656,NLD,2007,0.05121432298984418,0.0667865601541492,0.003502067359800914,0.0015880534703544725
657,NLD,2008,0.05257186023623559,0.06509452647708656,0.003350227775568518,0.0018793211719962722
658,NLD,2009,0.05592432554235106,0.07350838579247283,0.003435564519584304,0.00225652320870618
659,NLD,2010,0.055994973733403924,0.07709689559610898,0.003497547517814404,0.0020528069024077426
660,NLD,2011,0.05439678786853344,0.07812192746180387,0.0035471858027203962,0.0019450834053593579
661,NLD,2012,0.054760327665625504,0.08062658758613986,0.0035762466729056023,0.0018033155483173108
662,NLD,2013,0.05341911482991238,0.07971849565858949,0.0037501859316943606,0.0016377013884402456
663,NLD,2014,0.05320448493796951,0.07881207202189004,0.0041849204349369475,0.0016282877044384956
664,NLD,2015,0.05190402974934744,0.07617692280187363,0.004473844173490184,0.0015446776558086313
665,NLD,2016,0.05191238240705529,0.07136459888221812,0.004651647169090976,0.0014760301315652857
666,NLD,2017,0.050402138345180175,0.07166705954897175,0.004589398037719405,0.0013118273555291974
667,NLD,2018,0.049717188319679834,0.0722570188486065,0.004458428016710769,0.0013857962866756265
668,NLD,2019,0.0488498578516611,0.07215037474375209,0.004302412604984215,0.001501626360170961
669,NLD,2020,0.05112172872499951,0.08122964543402315,0.00468484181157007,0.0015628387324348781
670,NLD,2021,0.04957770175536965,0.08270540070663415,0.004503392967304115,0.001691436262688569
671,NLD,2022,0.04862651184319102,0.07176450463866711,0.00399871204040974,0.0016793785594976995
672,NLD,2023,0.0489781275553836,0.070181781736401,0.003972465317033829,0.0018031114678826034
673,NOR,2000,0.05201177128660777,0.06847214877925838,0.0014458574006265292,0.0015624801790455342
674,NOR,2001,0.05450118033788838,0.07133337524683768,0.0034295014692573137,0.0005961575232247034
675,NOR,2002,0.05754916497420794,0.07857028972399362,0.00487743797798403,0.0009462063451849998
676,NOR,2003,0.061118202038392126,0.0812432089254672,0.0012887146830242663,0.0011600279325454934
677,NOR,2004,0.056378952388076005,0.07675105199420651,0.0014814343871922605,0.000976997310088667
678,NOR,2005,0.05190840229800454,0.07240877359808562,0.0013319733184713161,0.0009228672277979836
679,NOR,2006,0.04899359713257358,0.06869486169027365,0.0012611901614971923,0.001039155970556489
680,NOR,2007,0.04837255610368431,0.06847457815719538,0.0015312517431369404,1.2710999527976817e-06
681,NOR,2008,0.046476249315920086,0.06534484303821128,0.0014663623345098566,7.627372351156602e-07
682,NOR,2009,0.053907306617027105,0.07432846120513623,0.0017481478928643055,4.098822726528266e-07
683,NOR,2010,0.05232231664754587,0.07312450414550685,0.001814342865894081,0.0
684,NOR,2011,0.049867808047819075,0.07097759409579397,0.0017441721837099821,0.0
685,NOR,2012,0.048545095307470594,0.07088172567834206,0.001613767238044412,0.0
686,NOR,2013,0.048768499208014696,0.073234455164246,0.0015593778668008497,0.0
687,NOR,2014,0.05089892516104874,0.07680841400529324,0.0012309537424536087,0.0
688,NOR,2015,0.054342829157272975,0.08185783387105491,0.001221334343710896,0.0
689,NOR,2016,0.05619609535836402,0.08562484054254837,0.0013854144770517648,0.0
690,NOR,2017,0.055328408418276576,0.08340126682802193,0.001240707856482331,0.0
691,NOR,2018,0.05360873974334702,0.08131956189444606,0.001186328507588671,0.0
692,NOR,2019,0.05553864301765639,0.08623698441201498,0.0012874843234674388,0.0
693,NOR,2020,0.05832229548688094,0.09493279793157736,0.0013771187970793635,0.0
694,NOR,2021,0.04817283162011602,0.0835637756476687,0.001100156316092925,0.0
695,NOR,2022,0.03883209914175948,0.06689984040475179,0.0010544498343608047,0.0
696,NOR,2023,0.04584706915049253,0.07942553399005169,0.0012402223739393348,0.0
697,POL,2000,0.05625082316817626,0.038418506017941306,,
698,POL,2001,0.059888833001190654,0.04237079860691072,0.0014873202131655864,0.0002674120246273742
699,POL,2002,0.06122538652430544,0.04409887213973006,0.0014360055776087995,0.000332613257719645
700,POL,2003,0.06074698735648548,0.04313877277791439,0.0014682335667840396,0.0004517641743950891
701,POL,2004,0.05623899656804774,0.04201148526706159,0.0010540477778475039,0.0006625138360762145
702,POL,2005,0.060586346425474676,0.04391151000398685,0.0012282376643250102,0.000664456441356153
703,POL,2006,0.05917782059098081,0.04606684028278067,0.0009605216157005859,0.0006288575078544088
704,POL,2007,0.056845716015234124,0.044773546993097484,0.0008810943056758269,0.0007793649058792858
705,POL,2008,0.056154636614696087,0.04943278797475744,0.0006556011009209235,0.0015212115379524506
706,POL,2009,0.05396963744368768,0.049903177954443045,0.000591722921745643,0.000961731480920744
707,POL,2010,0.05558838830506712,0.04987370721048799,0.0006062497832344884,0.0007116845281448342
708,POL,2011,0.054317478905084086,0.04678135951138527,0.0005690774020356312,0.000516006138699724
709,POL,2012,0.05390441681993443,0.04629457731164256,0.0006984162140862443,0.000513486942924838
710,POL,2013,0.05331585988312617,0.046897367698247476,0.0006637082386760974,0.000484806201940038
711,POL,2014,0.052863877038510185,0.04664964809662265,0.0005783000695862772,0.0005046238220960134
712,POL,2015,0.052495938248108324,0.04646582270646405,0.0005065308549462739,0.00046945009958199825
713,POL,2016,0.04955720379816183,0.0461949184330163,0.00045193894831232654,0.00045424339213746953
714,POL,2017,0.048813522992945016,0.04666350165921398,0.0003903625535562887,0.0004813264584530344
715,POL,2018,0.049360696447211826,0.04747477983473588,0.0003226737729397669,0.0005336733738891961
716,POL,2019,0.04964813094956676,0.04836238276973929,0.0002681456518328783,0.0004799671900045337
717,POL,2020,0.05061726456711718,0.05306188262056289,0.0002560953468818191,0.0003362126937629804
718,POL,2021,0.04868493093081406,0.056919938171114196,0.0002438119900017962,0.00035956923830996444
719,POL,2022,0.045379173452101185,0.052297183030068396,0.00026483706080392805,0.0003971298192401417
720,POL,2023,0.04959512113420929,0.05735838617641264,0.00033515893944603865,0.00042317902405373154
721,PRT,2000,0.06256251000422856,0.06273803542895785,0.0047670649512988736,0.0029966254964540638
722,PRT,2001,0.06355344819016315,0.0648912496113364,0.0049599702107184845,0.0028720307431540633
723,PRT,2002,0.06533939991678839,0.0655868144749907,0.004743527031527653,0.0026103042600697335
724,PRT,2003,0.06479365227632974,0.06990408526426349,0.005444045054730836,0.002128052018124412
725,PRT,2004,0.06601849866548228,0.07261613830682931,0.004378765573530989,0.002757401937155439
726,PRT,2005,0.06644995471032569,0.0733538420133134,0.003801638097575311,0.002221406454222245
727,PRT,2006,0.06364182696970448,0.06995914344497554,0.003648311613989223,0.0019554858828167835
728,PRT,2007,0.0587503430025274,0.07066013041313277,0.0032143211083537366,0.0019326614259088924
729,PRT,2008,0.059656304275922896,0.07272209804492079,0.002974772345941401,0.002078806358679597
730,PRT,2009,0.06503803289540083,0.08013707404169891,0.002883538217117022,0.0022667773146025096
731,PRT,2010,0.06719652181708627,0.07467860440236951,0.002429885172413628,0.0022866629455204944
732,PRT,2011,0.06122358431230225,0.06948263892805878,0.002426581503722945,0.0021347224779391825
733,PRT,2012,0.053727822236725904,0.06612681059993614,0.0024583663994185282,0.00215374802530575
734,PRT,2013,0.05466116610460399,0.06483531813023957,0.002446160318980266,0.0019881570803343086
735,PRT,2014,0.05305431661937028,0.0628252191846035,0.002495746468050719,0.0020130303106136132
736,PRT,2015,0.05091840159457102,0.061651669466678376,0.002416709142844823,0.0019155182053692081
737,PRT,2016,0.047736958069635495,0.06111537839136127,0.0023626903656236123,0.0018257250377291367
738,PRT,2017,0.04593417056479686,0.0626270477713128,0.002287514584484703,0.0017762852780445128
739,PRT,2018,0.04440446111268919,0.06466684012556781,0.0022421233071134444,0.0017647031907868495
740,PRT,2019,0.044665927035862626,0.06490012035298802,0.002266353853173324,0.0016736919004971954
741,PRT,2020,0.0471878443858168,0.07426901010957253,0.0025750039029718576,0.0016927096513972364
742,PRT,2021,0.046934058071747116,0.07586325415544924,0.002519241375772776,0.0017864257463881944
743,PRT,2022,0.04432341058806885,0.07097900055240866,0.002246419702245663,0.0016102832250610114
744,PRT,2023,0.04351533955998595,0.0672927237935543,0.0021549131008917937,0.0017448292370399645
745,ROU,2000,0.031290996670806315,0.04186929733146971,,
746,ROU,2001,0.038527521953164376,0.041097556748704675,4.2592555444817787e-05,0.00028877752591586456
747,ROU,2002,0.03987088851163874,0.04085071730428871,0.00010244858689905856,0.0011111731348282506
748,ROU,2003,0.03643646973742006,0.03525002308383201,4.741618158827974e-05,0.0024286463998128786
749,ROU,2004,0.03633112189663145,0.032349729857249425,4.08683231305895e-05,0.0021312830512602425
750,ROU,2005,0.03642763086438695,0.032786157597121994,5.0895567396197924e-05,0.0012458956018767903
751,ROU,2006,0.04135806624695381,0.032937370239012026,5.951640458788499e-05,0.002169723043725984
752,ROU,2007,0.03851055377948939,0.03644356201010545,6.81245156405666e-05,0.0016324043420217146
753,ROU,2008,0.04278001787938531,0.03649287053883652,6.891039512917354e-05,0.001559005068298722
754,ROU,2009,0.03823836980213202,0.040160694764329694,5.594067350310673e-05,0.0013233642155987468
755,ROU,2010,0.03254266140559449,0.04056619745673732,5.4399363490440884e-05,0.0012406385449095446
756,ROU,2011,0.03918005140076394,0.03875841445315772,4.4275285289829255e-05,0.001023440248430284
757,ROU,2012,0.028506247517967653,0.03679275458227249,4.314128432569293e-05,0.0007626992728922878
758,ROU,2013,0.02818135468155178,0.04050051542873529,4.448779327042831e-05,0.0016197673058710037
759,ROU,2014,0.030040887719481844,0.04006562964845532,4.679289286221512e-05,0.0013837540457912563
760,ROU,2015,0.030638895110782192,0.04202562813527604,9.276560995354016e-05,0.0015579289502182286
761,ROU,2016,0.03300350692665004,0.04088300462635872,6.288813465109019e-05,0.0021348726809567765
762,ROU,2017,0.02866487965174858,0.04356987495609182,3.0412606424006957e-05,0.0013050413428432948
763,ROU,2018,0.031233033746165366,0.046124971245896755,1.979867418375617e-05,0.0009706560527457301
764,ROU,2019,0.035396965615420994,0.04970032494253175,0.0,0.002183597312028275
765,ROU,2020,0.03619721282995168,0.05446915032068308,1.0844878526237152e-05,0.002197490256544864
766,ROU,2021,0.031876614584910916,0.05417657356302366,6.323992895075208e-05,0.0021010082496237923
767,ROU,2022,0.03257051351254093,0.04910626506891215,9.60811832019864e-05,0.0018898125157436395
768,ROU,2023,0.03319495450650977,0.047115982214523004,8.313851888118214e-05,0.0027835823143246767
769,SVK,2000,0.0008821289120454556,0.0013106724641059728,,
770,SVK,2001,0.0008339915154256668,0.001320401874466388,1.00956903080266e-07,3.0105348498535318e-05
771,SVK,2002,0.0008075967158222602,0.0013530431257411579,1.0015771752361149e-07,4.46390427288046e-05
772,SVK,2003,0.001057068931099636,0.0013379268795322974,2.508441537564532e-07,4.843625601487978e-05
773,SVK,2004,0.0009425579163342163,0.0012658141350105597,2.8717029148250427e-07,4.346024354681446e-05
774,SVK,2005,0.0010108849637289086,0.0016589473541531459,2.422528262489991e-07,5.769225285542655e-05
775,SVK,2006,0.001045620933705043,0.0017797482125001347,2.80800709555335e-07,6.32134749883722e-05
776,SVK,2007,0.0010783140753824348,0.0018278229853306487,2.712528033906753e-07,6.248635700177264e-05
777,SVK,2008,0.0011735743356798278,0.002173429045774122,2.4606836881720314e-07,6.654988676652434e-05
778,SVK,2009,0.044793438203500305,0.07408335889854645,9.523045152613116e-06,0.0023159733580166487
779,SVK,2010,0.04390912169505296,0.07637858822948267,4.9180288272734466e-05,0.002941796060053685
780,SVK,2011,0.03870317010163975,0.07237629205260954,6.156678419221342e-05,0.003209430389557356
781,SVK,2012,0.038991907061353547,0.07126028110474274,5.235487976708641e-05,0.002565389108587234
782,SVK,2013,0.041139738957091,0.05103957225753661,4.608623933085177e-05,0.0021980724671548982
783,SVK,2014,0.04053417935459047,0.05701239382829339,3.944500099918581e-05,0.0018351068345647701
784,SVK,2015,0.04124834946696418,0.05531120010278649,5.399601153608611e-05,0.002583970423025282
785,SVK,2016,0.03876181116970251,0.056997921370617675,4.7291418899757145e-05,0.0017565209139010836
786,SVK,2017,0.039486056852153915,0.05631413799163122,0.00011970286852564432,0.0018167293762962834
787,SVK,2018,0.04173508151144347,0.054485002860841514,0.0031623074923989845,0.002249106463698647
788,SVK,2019,0.04427225160216768,0.05795902511800208,0.00026039825660511016,0.00225368239307136
789,SVK,2020,0.047073924468850184,0.0620291967448917,0.00036185102884700514,0.002174180793602559
790,SVK,2021,0.04569350187993296,0.06495016889562528,0.0003213024337423568,0.002074244557758579
791,SVK,2022,0.04685191333265352,0.06846723692933554,0.00033445798236251135,0.002361916474033139
792,SVK,2023,0.04991893556602068,0.06614687293743532,0.0003206992917207252,0.002863758439335679
793,SVN,2000,0.0002589557270104095,0.0002781422535087976,0.0,2.544242134365914e-06
794,SVN,2001,0.00027146236225179837,0.00028185032889000024,0.0,2.483385731235524e-06
795,SVN,2002,0.0002722266369144289,0.00028335933436550307,0.0,2.771968152578622e-06
796,SVN,2003,0.00026655088310162037,0.00027941559050621894,0.0,2.7512022865771946e-06
797,SVN,2004,0.0002677400117197932,0.00027197371704454267,5.280718000316498e-07,2.672317235895034e-06
798,SVN,2005,0.0002732872132798194,0.00026984867590298635,4.89363631715538e-07,2.687891098095374e-06
799,SVN,2006,0.0002653376654603726,0.00026450031424800916,5.253445504318455e-07,2.670723691662402e-06
800,SVN,2007,0.05888357209849373,0.05936558382998378,0.00012508261678215526,0.0005621561999088168
801,SVN,2008,0.06065594628209689,0.06186918178856932,0.00012055517699169207,0.0007270404520114353
802,SVN,2009,0.06703451311624115,0.07000797005912494,0.00011638178573141993,0.0007217345273416114
803,SVN,2010,0.06522189340823811,0.06901709583077677,0.00015949725134919795,0.0006182945621867169
804,SVN,2011,0.06433870631981872,0.07020512876699453,0.00015061627749260337,0.0005195445961883845
805,SVN,2012,0.06441579516517952,0.06973561052005457,0.00017699322900714212,0.00048172213743925
806,SVN,2013,0.0649469398509219,0.06863465704465987,0.0002150312862197673,0.0004727913699593336
807,SVN,2014,0.060286386697837466,0.06533267813109497,0.0002393285813731225,0.0004915358308021978
808,SVN,2015,0.05632244347551142,0.0672792469849306,0.0002395185251602648,0.0003475876211111001
809,SVN,2016,0.05592910631516215,0.06771323081121884,0.0002261756164941318,0.00034863534255172795
810,SVN,2017,0.05512219710474612,0.06620805519178045,0.0002395281057024178,0.00036668210500771694
811,SVN,2018,0.05429779553162862,0.06586866717543718,0.00023931846149463418,0.00034797960118061695
812,SVN,2019,0.0541161107917114,0.06710315506203889,0.0002550021644035456,0.00026081654600232357
813,SVN,2020,0.056613257463584,0.08014001416684571,0.0002873421872525758,0.0003215750613854218
814,SVN,2021,0.05843820400830826,0.08313168076841,0.00017242490895215144,0.00034273535413788844
815,SVN,2022,0.05613036444119243,0.07672525693315808,0.0003424779695642691,0.00035758987586623285
816,SVN,2023,0.054338587560438065,0.07380326126285064,0.0003216513131199852,0.00039420659230699205
817,SWE,2000,0.07067290190148001,0.06151108471682707,,
818,SWE,2001,0.07343198472557051,0.06315255285247548,0.0057497428086187175,0.002563470252335841
819,SWE,2002,0.07442094355478467,0.06626790719422983,0.005461988930890876,0.0028846369107588237
820,SWE,2003,0.07395876064253472,0.06819513459168101,0.005384566765299808,0.0027333728169238133
821,SWE,2004,0.07273441106343823,0.06608754597946413,0.0050463662139349766,0.002877217844856973
822,SWE,2005,0.07287736840459852,0.06629619241268869,0.003736416207616158,0.002916502255135699
823,SWE,2006,0.0716431463196998,0.06523840621419073,0.0035428634479564994,0.0026424725291322444
824,SWE,2007,0.06946151343606209,0.06515311586000737,0.003212126265707513,0.002644516774258117
825,SWE,2008,0.07070928038136573,0.06745003416260141,0.0030472699156171928,0.0026020901969076374
826,SWE,2009,0.07378106043341068,0.0716845905232727,0.0030922103897701556,0.002509506671024675
827,SWE,2010,0.07077313980928228,0.0687616129494576,0.002980404788807983,0.0020993762971518487
828,SWE,2011,0.06979420136119419,0.06910456201153352,0.002927525787248283,0.0024057751559786044
829,SWE,2012,0.0712007371703998,0.07030853974963704,0.0033241938809701796,0.0025474478267219986
830,SWE,2013,0.07149735321527456,0.07102481633348184,0.003341660985536382,0.0024625531603992058
831,SWE,2014,0.07266549822475717,0.07133794503748161,0.0033935609886058017,0.00279487537222326
832,SWE,2015,0.07167208799206949,0.07042083112285832,0.003196789976711736,0.0025606457856038123
833,SWE,2016,0.07276890803255799,0.07034427714428226,0.0029817849462560986,0.002479596759466623
834,SWE,2017,0.07447172722466326,0.07063682505449048,0.002821353346249442,0.0026081698799473767
835,SWE,2018,0.07620776187771446,0.07215709219843353,0.002861468849782587,0.0033073930773028517
836,SWE,2019,0.0763503232280567,0.07141374204495797,0.0027422581322565833,0.0031461566168525155
837,SWE,2020,0.0781626607405967,0.07512878965014382,0.0031266816942834624,0.0031073627488509186
838,SWE,2021,0.07332572596340706,0.07453636642441659,0.00285715540480699,0.0028375758205675668
839,SWE,2022,0.07120954386807228,0.0713133764497134,0.002732212021016806,0.002806889641310432
840,SWE,2023,0.0718474508682395,0.07353986328903857,0.002881483599921052,0.0032939527352262347
841,USA,2000,0.060414635830896485,0.060662960474305215,,
842,USA,2001,0.06298920905630721,0.0660567734861952,,
843,USA,2002,0.06359951013385538,0.06975361712959557,,
844,USA,2003,0.06328607570407936,0.07168249675946738,,
845,USA,2004,0.06253753070671862,0.07290176862186708,,
846,USA,2005,0.06170984869697114,0.07265914802882417,,
847,USA,2006,0.06164036856063186,0.07429895531733985,,
848,USA,2007,0.06243327913585443,0.0768863976026908,,
849,USA,2008,0.06436080716258553,0.07983316892195742,,
850,USA,2009,0.06738690710576212,0.08703901342630892,,
851,USA,2010,0.06694555448342614,0.08816934347205534,,
852,USA,2011,0.06497680646052124,0.08787818957402602,,
853,USA,2012,0.06253878646263036,0.08631738030770329,,
854,USA,2013,0.06211545646583139,0.08591713202599681,,
855,USA,2014,0.060998182658495756,0.08858279109352732,,
856,USA,2015,0.060543348383513565,0.09115132337386476,,
857,USA,2016,0.06068015698876139,0.09295500463097064,,
858,USA,2017,0.05991447010626398,0.09270913668509373,,
859,USA,2018,0.05906922634000816,0.09280958531438699,,
860,USA,2019,0.05858555610677855,0.09513023882749763,,
861,USA,2020,0.06007009973023922,0.10582457129437174,,
862,USA,2021,0.057090247690876436,0.10323121453749057,,
863,USA,2022,0.05552264255480268,0.10167843029153847,,
864,USA,2023,0.054154415783521266,0.10114980911924006,,
