TIME_PERIOD,Reference area,REF_AREA,Trade union density,Combined corporate income tax rate,Education spending,Health spending,Housing spending,Community development spending,IRLT,UNEMP,"Population, total",GDP per capita (current US$),"Inflation, consumer prices (annual %)",Gini index,Region
2001,Sweden,SWE,78.699997,28.0,0.0734319847255705,0.0631525528524754,0.0057497428086187,0.0025634702523358,5.1075,5.825,8895960.0,27259.4806735435,2.40595834145438,26.5,Europe and Central Asia
2002,Sweden,SWE,78.0,28.0,0.0744209435547846,0.0662679071942298,0.0054619889308908,0.0028846369107588,5.30333333333333,5.95,8924958.0,29957.9387652616,2.15848213589264,26.2,Europe and Central Asia
2003,Sweden,SWE,77.199997,28.0,0.0739587606425347,0.068195134591681,0.0053845667652998,0.0027333728169238,4.63833333333333,6.56666666666667,8958229.0,37292.4214343004,1.92565534892391,25.3,Europe and Central Asia
2004,Sweden,SWE,76.400002,28.0,0.0727344110634382,0.0660875459794641,0.0050463662139349,0.0028772178448569,4.425,7.375,8993531.0,42758.2015503417,0.373659828721813,26.1,Europe and Central Asia
2005,Sweden,SWE,75.699997,28.0,0.0728773684045985,0.0662961924126886,0.0037364162076161,0.0029165022551356,3.3825,7.78333333333333,9029572.0,43378.6152117149,0.453170852576182,26.8,Europe and Central Asia
2006,Sweden,SWE,74.300003,28.0,0.0716431463196998,0.0652384062141907,0.0035428634479564,0.0026424725291322,3.70416666666667,7.24166666666667,9080505.0,46531.6001120572,1.3602146862768,26.4,Europe and Central Asia
2007,Sweden,SWE,70.800003,28.0,0.069461513436062,0.0651531158600073,0.0032121262657075,0.0026445167742581,4.1675,6.31666666666666,9148092.0,53568.5645523213,2.21216883436735,27.1,Europe and Central Asia
2008,Sweden,SWE,68.300003,28.0,0.0707092803813657,0.0674500341626014,0.0030472699156171,0.0026020901969076,3.8875,6.35,9219637.0,55817.4392710726,3.43704910602874,28.1,Europe and Central Asia
2009,Sweden,SWE,68.400002,26.3,0.0737810604334106,0.0716845905232727,0.0030922103897701,0.0025095066710246,3.25,8.48333333333334,9298515.0,46707.8673215418,-0.494460544377991,27.3,Europe and Central Asia
2010,Sweden,SWE,68.199997,26.3,0.0707731398092822,0.0687616129494576,0.0029804047888079,0.0020993762971518,2.89333333333333,8.775,9378126.0,52542.8274141037,1.15798802715628,27.7,Europe and Central Asia
2011,Sweden,SWE,67.5,26.3,0.0697942013611941,0.0691045620115335,0.0029275257872482,0.0024057751559786,2.605,7.95,9449213.0,60379.7748160321,2.9611507382214,27.6,Europe and Central Asia
2012,Sweden,SWE,67.5,26.3,0.0712007371703998,0.070308539749637,0.0033241938809701,0.0025474478267219,1.5925,8.15,9519374.0,57749.8251328664,0.888377506923638,27.6,Europe and Central Asia
2013,Sweden,SWE,67.699997,22.0,0.0714973532152745,0.0710248163334818,0.0033416609855363,0.0024625531603992,2.12083333333333,8.20833333333333,9600379.0,60844.2767113975,-0.0442929701485858,28.8,Europe and Central Asia
2014,Sweden,SWE,67.300003,22.0,0.0726654982247571,0.0713379450374816,0.0033935609886058,0.0027948753722232,1.72,8.1,9696110.0,59583.7140001673,-0.179638494114635,28.4,Europe and Central Asia
2015,Sweden,SWE,67.0,22.0,0.0716720879920694,0.0704208311228583,0.0031967899767117,0.0025606457856038,0.719166666666666,7.59166666666667,9799186.0,51197.9529341175,-0.0467847449832812,29.2,Europe and Central Asia
2016,Sweden,SWE,66.699997,22.0,0.0727689080325579,0.0703442771442822,0.002981784946256,0.0024795967594666,0.519166666666667,7.15,9923085.0,51820.3972482676,0.984269244577992,29.6,Europe and Central Asia
2017,Sweden,SWE,66.099998,22.0,0.0744717272246632,0.0706368250544904,0.0028213533462494,0.0026081698799473,0.655,6.85833333333333,10057698.0,53300.8587281785,1.79449904665589,28.8,Europe and Central Asia
2018,Sweden,SWE,65.5,22.0,0.0762077618777144,0.0721570921984335,0.0028614688497825,0.0033073930773028,0.651666666666667,6.475,10175214.0,54181.9069780904,1.95353530127028,30.0,Europe and Central Asia
2019,Sweden,SWE,65.199997,21.4,0.0763503232280567,0.0714137420449579,0.0027422581322565,0.0031461566168525,0.0937583333333333,6.90833333333333,10278887.0,51773.0464558993,1.78415097403835,29.3,Europe and Central Asia
2000,Ireland,IRL,35.900002,24.0,0.039551394715396,0.0486832197847776,0.0073184744454664,0.0019540940620933,5.512499999999999,4.4,3805174.0,26334.5672050501,5.57763269940387,33.0,Europe and Central Asia
2002,Ireland,IRL,35.099998,16.0,0.0399294418485627,0.0588078224211324,0.0104269261699008,0.0014589196506234,5.010000000000001,4.725,3931947.0,32705.4345565698,4.62820512820515,32.3,Europe and Central Asia
2003,Ireland,IRL,34.900002,12.5,0.0410601674356845,0.0609979523255826,0.0095906042865856,0.0016678475549417,4.132499999999999,4.85,3996521.0,41203.5295847568,3.49221909079765,32.9,Europe and Central Asia
2004,Ireland,IRL,33.599998,12.5,0.0410496096981362,0.064028370263599,0.0080273927642533,0.0015538850386558,4.076666666666666,4.74166666666667,4070262.0,47754.2023194244,2.17854605730523,33.6,Europe and Central Asia
2005,Ireland,IRL,32.400002,12.5,0.0410629607109251,0.0599754214108855,0.0094213521112913,0.0015314717533386,3.329166666666666,4.63333333333333,4159914.0,50933.0216095589,2.45654692931639,33.8,Europe and Central Asia
2006,Ireland,IRL,31.700001,12.5,0.0401184875900811,0.0593275626955058,0.0088395155205483,0.0016370114117016,3.765,4.79166666666667,4273591.0,54329.1618599624,3.93576114001354,32.7,Europe and Central Asia
2007,Ireland,IRL,30.5,12.5,0.0432614103105084,0.0623125672948229,0.0090070809371132,0.0019268339362038,4.305833333333334,5.0,4398942.0,61396.417461176,4.88574537540802,31.9,Europe and Central Asia
2008,Ireland,IRL,30.9,12.5,0.0470681845130585,0.0692033509526063,0.0108322708636053,0.0021412516694055,4.525833333333333,6.79166666666667,4489544.0,61353.1065629523,4.03568834941391,30.9,Europe and Central Asia
2009,Ireland,IRL,31.9,12.5,0.0473467056462825,0.0787823415039504,0.0095958750850653,0.0013732326141135,5.2250000000000005,12.6583333333333,4535375.0,52133.0909237885,-4.44754686876746,32.7,Europe and Central Asia
2010,Ireland,IRL,31.6,12.5,0.0462187305440729,0.0746797694178581,0.007044848854032,0.0013125445106848,5.739166666666667,14.575,4560155.0,48679.4026820361,-0.918388645376774,32.3,Europe and Central Asia
2011,Ireland,IRL,31.6,12.5,0.0520590258916485,0.0786460998869904,0.0063832578910995,0.0018005524820357,9.601666666666668,15.4083333333333,4580084.0,52692.7813135606,2.5489783020855,32.9,Europe and Central Asia
2012,Ireland,IRL,30.1,12.5,0.0501674387662917,0.0760825052466702,0.0059499601068151,0.0009968703054942,6.171666666666667,15.4833333333333,4599533.0,49411.7387476787,1.69474116680366,33.2,Europe and Central Asia
2013,Ireland,IRL,28.5,12.5,0.0460721364910137,0.0714364086083775,0.0056697667898593,0.0009111169919852,3.79,13.775,4623816.0,52619.2123745817,0.515099484900573,33.5,Europe and Central Asia
2014,Ireland,IRL,26.299999,12.5,0.0440230348156998,0.0654776557016261,0.0048077795229763,0.0007032228446019,2.3675,11.8833333333333,4657740.0,57278.2590911107,0.190916398713745,31.9,Europe and Central Asia
2015,Ireland,IRL,25.4,12.5,0.0330090542010318,0.0501266742630582,0.0043302316126478,0.0006389419690441,1.1825,9.925,4701957.0,64311.8234684057,-0.330959783371788,31.8,Europe and Central Asia
2016,Ireland,IRL,23.4,12.5,0.0338284991330153,0.0510779877744031,0.005173278921166,0.0009869087901242,0.7358333333333333,8.40833333333333,4755335.0,64292.659966313,0.0201247735963237,32.8,Europe and Central Asia
2017,Ireland,IRL,24.299999,12.5,0.0320332894689356,0.0480448454384063,0.0066972360988756,0.0008782171184466,0.8016666666666667,6.749999999999999,4807388.0,72499.3268743015,0.362173038229378,31.4,Europe and Central Asia
2018,Ireland,IRL,24.1,12.5,0.0310110545226284,0.0472523691875089,0.0070580225271111,0.0012425875182594,0.9518416666666668,5.8,4867316.0,81248.3135388,0.471130713712916,30.6,Europe and Central Asia
2019,Ireland,IRL,25.1,12.5,0.03136463026945,0.0467377819509298,0.0087375830975253,0.0012004676516904,0.3310583333333333,5.008333333333333,4934340.0,82508.4659883582,0.937842961189274,30.8,Europe and Central Asia
2020,Ireland,IRL,26.200001,12.5,0.0314951984323029,0.0538586472122729,0.0082486159880801,0.0011326318754963,-0.0610416666666666,5.858333333333333,4985382.0,87567.1148972037,-0.326183651280033,29.2,Europe and Central Asia
2002,Italy,ITA,33.700001,40.25,0.044542018969367,0.0619746351646152,0.0001158225135801,0.0027627726965465,5.0343333333333335,8.475,57059007.0,22463.5222129968,2.46532319171165,34.7,Europe and Central Asia
2003,Italy,ITA,33.599998,38.25,0.0457352010095872,0.062120101244405,0.0001279132419504,0.0028591110672824,4.248083333333334,8.43333333333333,57313203.0,27618.9417740066,2.6725555277285,34.9,Europe and Central Asia
2004,Italy,ITA,34.0,37.25,0.043521961206189,0.0654054238764679,0.000142724201537,0.002964958052122,4.2588333333333335,8.05,57685327.0,31425.8208728669,2.20673661423657,34.3,Europe and Central Asia
2005,Italy,ITA,33.799999,37.25,0.0447967480705228,0.0678352509960965,0.0001560964572041,0.0029084639034613,3.55525,7.78333333333333,57969484.0,32171.793374715,1.9852929852798,33.8,Europe and Central Asia
2006,Italy,ITA,33.599998,37.25,0.043906257993484,0.0684905775772015,0.0001807849683324,0.0028496070363048,4.0464166666666666,6.86666666666667,58143979.0,33684.7200358552,2.09084391012754,33.7,Europe and Central Asia
2007,Italy,ITA,34.0,37.25,0.0446289405440973,0.066379131468579,0.000215204340838,0.0029259157515086,4.48725,6.15,58438310.0,38031.9709472716,1.82974112202403,32.9,Europe and Central Asia
2008,Italy,ITA,33.900002,31.4,0.0432735209939801,0.0697004864822376,0.0002956710113676,0.0029451509589109,4.681333333333334,6.775,58826731.0,41095.4063415012,3.34783258401022,33.8,Europe and Central Asia
2009,Italy,ITA,34.700001,31.4,0.0457691362728827,0.0739426154852692,0.0003440424597634,0.0032339991217763,4.311166666666666,7.875,59095365.0,37388.4537139699,0.774768131387381,33.8,Europe and Central Asia
2010,Italy,ITA,35.299999,31.4,0.0439401915281788,0.0736236535154774,0.000351062678471,0.0033987564593524,4.035833333333333,8.54166666666667,59277417.0,36184.7118698678,1.52551602118248,34.7,Europe and Central Asia
2011,Italy,ITA,35.200001,31.4,0.0410778645729947,0.0705820369259061,0.0003493503109941,0.0028104900666855,5.422833333333334,8.50833333333333,59379449.0,38851.3881339353,2.78063272879323,35.1,Europe and Central Asia
2012,Italy,ITA,35.5,31.29275,0.0408119059451643,0.0705420453261485,0.0003349871409643,0.0024882134437627,5.492750000000001,10.8833333333333,59539717.0,35235.7989058242,3.04136333226775,35.2,Europe and Central Asia
2013,Italy,ITA,35.700001,31.29275,0.0411990496038055,0.0704661502002736,0.000339858975179,0.0023999841604746,4.316416666666665,12.3666666666667,60233948.0,35747.707952689,1.21999342274306,34.9,Europe and Central Asia
2014,Italy,ITA,35.400002,31.29275,0.0408471769804293,0.0704585026188181,0.0004535810807052,0.0020001580809534,2.893166666666666,12.825,60789140.0,35750.7197500382,0.241047429826756,34.7,Europe and Central Asia
2015,Italy,ITA,34.200001,31.29275,0.0403936756922791,0.0696089414293235,0.0005266709221196,0.0019124888165097,1.7139166666666668,12.0,60730582.0,30387.1293187854,0.0387903996579733,35.4,Europe and Central Asia
2016,Italy,ITA,33.599998,31.29275,0.0394836117311219,0.0683435739789762,0.0004475449461529,0.0016535114065599,1.4863333333333333,11.75,60627498.0,31126.3246947273,-0.09401665691575,35.2,Europe and Central Asia
2017,Italy,ITA,33.200001,27.8064,0.039642348808508,0.0676127677210519,0.0003938106945685,0.0013843563717366,2.113,11.2583333333333,60536709.0,32554.14668453,1.22653316645812,35.9,Europe and Central Asia
2018,Italy,ITA,32.599998,27.8064,0.0395443799457326,0.0672346373303145,0.0003060057452578,0.0013669006635599,2.6103333333333336,10.6,60421760.0,34746.3441392416,1.13748763600391,35.2,Europe and Central Asia
2019,Italy,ITA,32.5,27.8064,0.0395593444766006,0.0671122599229682,0.0003353534359148,0.0016551493547799,1.9515,9.93333333333333,59729081.0,33812.788724868,0.611246943765304,34.6,Europe and Central Asia
2001,Australia,AUS,24.6,30.0,0.0588453740246845,0.0621764756057725,0.0040109460346515,0.0013556016659233,5.61526432833333,6.74217304166667,19274701.0,19695.7297379144,4.40713536201469,33.5,East Asia and Pacific
2003,Australia,AUS,23.200001,30.0,0.0670120555145889,0.0728979685222328,0.0030601201431967,0.0018066771846784,5.36677549766667,5.92842029166667,19720737.0,23718.1338501868,2.73259596616786,33.5,East Asia and Pacific
2004,Australia,AUS,22.799999,30.0,0.0631453925682236,0.0707286784954898,0.0032795498148685,0.0016738745680412,5.5907745075,5.39673355,19932722.0,30836.7306824685,2.34325522482583,33.1,East Asia and Pacific
2008,Australia,AUS,18.799999,30.0,0.0561801610975775,0.0657562436925233,0.0037773781887337,0.0019236354022525,5.81794393966667,4.23432970833333,21249199.0,49701.2817843335,4.35029854990048,35.4,East Asia and Pacific
2010,Australia,AUS,18.4,30.0,0.0727617138552656,0.0773161078486643,0.003334352965714,0.0024233144758003,5.36604166666667,5.21334044166667,22031750.0,52144.6654705468,2.91834002677376,34.7,East Asia and Pacific
2014,Australia,AUS,15.1,30.0,0.0578172306011445,0.0715147111633121,0.0025134456286815,0.0021180721590013,3.66383333333333,6.07724431666667,23475686.0,62544.0873773726,2.48792270531404,34.4,East Asia and Pacific
2016,Australia,AUS,14.6,30.0,0.0621723825902715,0.0829010272385349,0.0026757765467745,0.0021552813391261,2.34083333333333,5.714148675,24190907.0,49888.0410842736,1.27699094497324,33.7,East Asia and Pacific
2018,Australia,AUS,13.7,30.0,0.0602926128145641,0.0759744797013351,0.002290427501448,0.00274830368691,2.681666666666666,5.308814958333333,24963258.0,57196.4220783778,1.91140094445691,34.3,East Asia and Pacific
2014,Costa Rica,CRI,12.4,30.0,0.0731424974737084,0.0616853454137189,0.0,0.0065369257031632,9.836666666666664,9.61738513875,4767119.0,10911.497878334,4.51920098516954,48.6,Latin America and Caribbean
2015,Costa Rica,CRI,18.6,30.0,0.0741552503583198,0.0615846833441645,0.0,0.0065052030630845,9.63,9.61297364575,4818038.0,11714.7105980732,0.801982005099623,48.4,Latin America and Caribbean
2016,Costa Rica,CRI,19.299999,30.0,0.0752254703363775,0.0606297917378758,0.0,0.0066287156986291,8.334999999999999,9.5378522955,4866998.0,12091.0301606154,-0.0174788505908217,48.7,Latin America and Caribbean
2017,Costa Rica,CRI,19.299999,30.0,0.0767354540237938,0.0588708660906695,0.0032325795897817,0.006293149465185,8.906666666666665,9.07172439475,4913177.0,12317.0902771304,1.62590692991732,48.3,Latin America and Caribbean
2018,Costa Rica,CRI,19.4,30.0,0.0768013305681132,0.0567011607303866,0.0029457725552308,0.0064112799484236,9.9625,10.264046309,4957818.0,12590.2493781614,2.22111461526581,48.0,Latin America and Caribbean
2019,Costa Rica,CRI,20.5,30.0,0.0751039085733555,0.0606669578209176,0.0033154058329444,0.0058580964175498,10.616666666666664,11.755392085,4999553.0,12884.6859951989,2.09604635327807,48.2,Latin America and Caribbean
2008,Japan,JPN,18.200001,39.54,0.0346865773548343,0.0631301618921831,1.7051145714180849e-06,0.00440090070883,1.46733333333333,3.99166666666667,128063000.0,39876.3039685725,1.3800788616492,34.8,East Asia and Pacific
2010,Japan,JPN,18.4,39.54,0.0361196730722136,0.071389941578215,1.18687177393416e-06,0.0047304752669769,1.14833333333333,5.05,128070000.0,44968.1562349739,-0.728243207517779,32.1,East Asia and Pacific
2013,Japan,JPN,17.799999,37.0,0.0360127351923705,0.0764076157960105,6.585406032546458e-05,0.0041238402313659,0.689666666666667,4.025,127445000.0,40898.6478964744,0.335037912184741,32.9,East Asia and Pacific
2006,Lithuania,LTU,9.8000002,19.0,0.0156072387883274,0.0132759796562197,0.0002479292820204,0.0005494257665796,4.07866666666667,5.79166666666667,3269909.0,9210.10118229413,3.73912004060664,34.4,Europe and Central Asia
2007,Lithuania,LTU,9.3000002,18.0,0.0143990771947585,0.013248431619783,0.000208346936476,0.0004464149773416,4.54475,4.25833333333333,3231294.0,12295.1212779366,5.73717382799842,34.8,Europe and Central Asia
2008,Lithuania,LTU,8.8999996,15.0,0.0166043926163951,0.0143644081551238,0.0001767755219495,0.0004155510889782,5.60775,5.825,3198231.0,14955.5345462921,10.9258856241655,35.7,Europe and Central Asia
2009,Lithuania,LTU,10.0,20.0,0.0194380790263184,0.0159753413775107,0.000308039884482,0.0006844734275262,14.0044166666667,13.8,3162916.0,11854.3711053096,4.45304456518535,37.2,Europe and Central Asia
2010,Lithuania,LTU,10.1,15.0,0.0173565775935162,0.0157991561987366,0.0003790926203,0.0005331382679413,5.56666666666667,17.8416666666667,3097282.0,11829.122609457,1.31921362055463,33.6,Europe and Central Asia
2011,Lithuania,LTU,9.6999998,15.0,0.0163023753117072,0.0151404530960514,0.0004376107043542,0.0004585159715274,5.16,15.3916666666667,3028115.0,14261.8433787325,4.13027562645085,32.5,Europe and Central Asia
2012,Lithuania,LTU,9.0,15.0,0.0157794184451548,0.0135870505195319,0.0003321716759252,0.0003740090950919,4.83083333333333,13.4083333333333,2987773.0,14294.7178607152,3.08998277055417,35.1,Europe and Central Asia
2013,Lithuania,LTU,8.3999996,15.0,0.0152464117852007,0.0131468770431731,0.0002929351645129,0.0003567863950997,3.83166666666667,11.8,2957689.0,15655.3513307327,1.04747937065344,35.3,Europe and Central Asia
2014,Lithuania,LTU,8.1000004,15.0,0.0146631137124723,0.0129090491337775,0.0002157452461427,0.0004006811158067,2.7925,10.725,2932367.0,16473.5678231709,0.103758009433708,37.7,Europe and Central Asia
2015,Lithuania,LTU,7.9000001,15.0,0.050593853525336,0.0470009733254552,0.0005266993572825,0.0013813839127106,1.38083333333333,9.13333333333334,2904910.0,14300.2553666736,-0.884097405500596,37.4,Europe and Central Asia
2016,Lithuania,LTU,7.6999998,15.0,0.047871372527686,0.0476264001036985,0.0005087492506574,0.0021918720880223,0.898333333333333,7.9,2868231.0,14981.6208126311,0.905525075460342,38.4,Europe and Central Asia
2017,Lithuania,LTU,7.6999998,15.0,0.0454306421847038,0.0457991854248201,0.0005194614603949,0.0024000254905132,0.31,7.11666666666666,2828403.0,16884.7100319318,3.72288862303707,37.3,Europe and Central Asia
2018,Lithuania,LTU,7.0999999,15.0,0.0448369173405976,0.0473545785665145,0.0006838253433463,0.0031250948775017,0.31,6.18333333333333,2801543.0,19368.5391045353,2.69792779208394,35.7,Europe and Central Asia
2019,Lithuania,LTU,7.4000001,15.0,0.0457460415762357,0.0502357540784592,0.0006649169372723,0.0029894860466245,0.31,6.28333333333333,2794137.0,19727.7607453736,2.33450937988027,35.3,Europe and Central Asia
2004,Slovak Republic,SVK,25.4,19.0,0.0009425579163342,0.0012658141350105,2.871702914825043e-07,4.346024354681446e-05,5.02614344166667,18.3583333333333,5372280.0,10650.1290097126,7.54850088183423,27.1,Europe and Central Asia
2005,Slovak Republic,SVK,23.5,19.0,0.0010108849637289,0.0016589473541531,2.422528262489991e-07,5.769225285542655e-05,3.521579771875,16.375,5372807.0,11641.5410321763,2.70908494588384,29.3,Europe and Central Asia
2006,Slovak Republic,SVK,20.6,19.0,0.001045620933705,0.0017797482125001,2.80800709555335e-07,6.32134749883722e-05,4.412181215625,13.4666666666667,5373054.0,13167.8954730379,4.48333120449611,25.8,Europe and Central Asia
2007,Slovak Republic,SVK,18.700001,19.0,0.0010783140753824,0.0018278229853306,2.712528033906753e-07,6.248635700177264e-05,4.49072595625,11.2333333333333,5374622.0,16110.4817265237,2.7567237163814,24.7,Europe and Central Asia
2008,Slovak Republic,SVK,16.799999,19.0,0.0011735743356798,0.0021734290457741,2.4606836881720314e-07,6.654988676652434e-05,4.72318268611633,9.575,5379233.0,18744.3192278346,4.59817976325028,26.0,Europe and Central Asia
2009,Slovak Republic,SVK,16.0,19.0,0.0447934382035003,0.0740833588985464,9.523045152613116e-06,0.0023159733580166,4.70651225,12.0833333333333,5386406.0,16586.7527805228,1.61510464058238,27.2,Europe and Central Asia
2010,Slovak Republic,SVK,16.4,19.0,0.0439091216950529,0.0763785882294826,4.9180288272734466e-05,0.0029417960600536,3.87164658333333,14.433333333333334,5391428.0,16899.448680529,0.957018132975143,27.3,Europe and Central Asia
2011,Slovak Republic,SVK,14.5,19.0,0.0387031701016397,0.0723762920526095,6.156678419221342e-05,0.0032094303895573,4.44820558333333,13.6083333333333,5398384.0,18469.4354316836,3.9192859914629,26.5,Europe and Central Asia
2012,Slovak Republic,SVK,14.5,19.0,0.0389919070613535,0.0712602811047427,5.235487976708641e-05,0.0025653891085872,4.55323091666667,13.9,5407579.0,17516.9691054078,3.6061026352289,26.1,Europe and Central Asia
2013,Slovak Republic,SVK,14.1,23.0,0.041139738957091,0.0510395722575366,4.608623933085177e-05,0.0021980724671548,3.18637683333333,14.1333333333333,5413393.0,18312.7805149823,1.40047368963025,28.1,Europe and Central Asia
2014,Slovak Republic,SVK,13.4,22.0,0.0405341793545904,0.0570123938282933,3.944500099918581e-05,0.0018351068345647,2.07170141666667,13.1,5418649.0,18770.9289896545,-0.0761653295419871,26.1,Europe and Central Asia
2015,Slovak Republic,SVK,12.6,22.0,0.0412483494669641,0.0553112001027864,5.399601153608611e-05,0.0025839704230252,0.88525,11.4666666666667,5423801.0,16442.0760860018,-0.325219777427673,26.5,Europe and Central Asia
2016,Slovak Republic,SVK,11.8,22.0,0.0387618111697025,0.0569979213706176,4.7291418899757145e-05,0.001756520913901,0.54440925,9.65833333333333,5430798.0,16636.0769133073,-0.520010196278266,25.2,Europe and Central Asia
2017,Slovak Republic,SVK,11.5,21.0,0.0394860568521539,0.0563141379916312,0.0001197028685256,0.0018167293762962,0.915360666666666,8.08333333333334,5439232.0,17645.5298716761,1.31194588223228,23.2,Europe and Central Asia
2018,Slovak Republic,SVK,11.3,21.0,0.0417350815114434,0.0544850028608415,0.0031623074923989,0.0022491064636986,0.885511,6.50833333333333,5446771.0,19573.3717031314,2.51403712883812,25.0,Europe and Central Asia
2000,Germany,DEU,24.6,51.611553,0.0403346074021201,0.064338438999652,0.001735488293906,0.0024604866504512,5.263958654596528,8.00833333333333,82211508.0,23925.8559901991,1.44026838719741,28.9,Europe and Central Asia
2001,Germany,DEU,23.700001,38.259958,0.0411791230363534,0.0649096118021653,0.0023465860179547,0.0024030644081384,4.7965932489180405,7.85833333333333,82349925.0,23878.3641471651,1.98385731334471,29.9,Europe and Central Asia
2002,Germany,DEU,23.5,38.285834,0.0414228914795623,0.0664741652274034,0.0023271085204375,0.0024409002590673,4.783579595123073,8.68333333333333,82488495.0,25486.5942008748,1.42080615551526,29.8,Europe and Central Asia
2003,Germany,DEU,23.0,39.63762,0.0413796796694067,0.0673952722453066,0.0023513818663787,0.0024031488613493,4.071142521983484,9.80833333333333,82534176.0,30711.1022511331,1.03422218628562,29.8,Europe and Central Asia
2004,Germany,DEU,22.200001,38.337521,0.0406883438579347,0.0636360464710593,0.0023802463105745,0.0023597495028433,4.037155655938266,10.5,82516260.0,34566.7359143735,1.66573696655992,30.2,Europe and Central Asia
2005,Germany,DEU,21.5,38.363332,0.0405372982874033,0.064341211930978,0.0047202789685728,0.0022547953098192,3.354017535604493,11.2833333333333,82469422.0,35084.4363546269,1.54691114751328,31.7,Europe and Central Asia
2006,Germany,DEU,20.6,38.414889,0.039757973439728,0.0631416465390033,0.0050350757157341,0.0022224237278355,3.76412531864906,10.275,82376451.0,36980.3349948954,1.57742642840563,31.0,Europe and Central Asia
2007,Germany,DEU,19.799999,38.363332,0.0387971930045396,0.062468236423284,0.0046597068703731,0.0020312954819016,4.216955003518639,8.54166666666667,82266372.0,42350.9217211489,2.29834400700951,31.2,Europe and Central Asia
2008,Germany,DEU,19.0,29.405,0.0390241265330079,0.0636762070989465,0.0043715825893546,0.0020361589076642,3.984768224497344,7.425,82110097.0,46386.3295924799,2.62837981637219,30.8,Europe and Central Asia
2009,Germany,DEU,18.799999,29.37,0.042779784117008,0.0699695775731801,0.0049613807533057,0.0022253664519594,3.2222178304787,7.225,81902307.0,42487.2137101496,0.312739007368447,30.5,Europe and Central Asia
2010,Germany,DEU,18.9,29.486964,0.0432505370671936,0.0685427704257563,0.0047873519720496,0.0021796136174247,2.744267378756509,6.575,81776930.0,42409.9356994694,1.1038103778926,30.2,Europe and Central Asia
2011,Germany,DEU,18.4,29.550934,0.0423755645404888,0.0667415141512699,0.0047328599866803,0.002147164469159,2.609184991464167,5.51666666666667,80274983.0,47646.582043143,2.07517283735874,30.6,Europe and Central Asia
2012,Germany,DEU,18.299999,29.58,0.0415365057599326,0.0670448296302645,0.0044536812861111,0.0020686478263664,1.495130210995014,5.08333333333333,80425823.0,44735.5882319701,2.00848884782956,31.1,Europe and Central Asia
2013,Germany,DEU,18.0,29.644974,0.0422501464802883,0.0691798498925817,0.0044927596886247,0.0021131525348065,1.5714080060438764,4.95,80645605.0,47220.0102098851,1.50472330251876,31.5,Europe and Central Asia
2014,Germany,DEU,17.700001,29.70721,0.0418475329713209,0.0699270058321625,0.0029144068846999,0.0020307051189714,1.1634722907400257,4.70833333333333,80982500.0,48971.0824722599,0.906794000434246,30.8,Europe and Central Asia
2015,Germany,DEU,17.6,29.780475,0.0416019315217215,0.0704237356796785,0.0030291834783595,0.0019477257628052,0.49519367547657,4.36666666666667,81686611.0,41911.0109851054,0.514426137125456,31.7,Europe and Central Asia
2016,Germany,DEU,17.0,29.818844,0.0411484585949807,0.0705091501856965,0.0033950646254353,0.0019304717296964,0.0914991922328878,3.90833333333333,82348669.0,42961.0356905775,0.491747008445174,31.4,Europe and Central Asia
2017,Germany,DEU,16.700001,29.889263,0.0409983458967134,0.0698457871400229,0.0034339904716446,0.0018480326377694,0.3163361138077956,3.56666666666667,82657002.0,45526.5999576533,1.50949485109628,31.3,Europe and Central Asia
2018,Germany,DEU,16.6,29.897059,0.0418194588954651,0.0703430065313746,0.003189911195437,0.0019512522113705,0.3963639818905164,3.20833333333333,82905782.0,48874.8595028454,1.73216879766942,31.9,Europe and Central Asia
2019,Germany,DEU,16.299999,29.937781,0.0429561965328376,0.0715676345448771,0.0029831281401348,0.001954804689268,-0.253634457795785,2.975,83092962.0,47623.8656074829,1.44565976888253,31.8,Europe and Central Asia
2000,Denmark,DNK,74.5,32.0,0.0629271948191799,0.0669305437912793,0.0065201254502604,0.0,5.64183333333333,4.325,5339616.0,30722.0251837567,2.90328203236453,23.8,Europe and Central Asia
2003,Denmark,DNK,72.400002,30.0,0.0655688522368738,0.0713418471130588,0.0067827472222465,0.0,4.30775,5.40833333333333,5390574.0,40519.0974905924,2.07507820646507,25.6,Europe and Central Asia
2004,Denmark,DNK,71.699997,30.0,0.0661369442532358,0.071920650979453,0.0067639053990897,2.066685944006701e-06,4.30458333333333,5.5,5404523.0,46625.050098011,1.15435693124932,24.9,Europe and Central Asia
2005,Denmark,DNK,71.5,28.0,0.0631931496391693,0.0741352825712572,0.006689941316437,0.0,3.40375,4.84166666666667,5419432.0,48925.8076698784,1.81781458291254,25.2,Europe and Central Asia
2006,Denmark,DNK,69.699997,28.0,0.06139140414389,0.0750635300573858,0.0065047025684698,4.747113474131763e-07,3.812,3.90833333333333,5437272.0,52119.1787984282,1.92422138464594,25.9,Europe and Central Asia
2007,Denmark,DNK,69.0,25.0,0.058823277235859,0.0802419875921413,0.006405331944132,6.138331724396699e-07,4.28641666666667,3.75,5461438.0,58631.6566433635,1.69326586220315,26.2,Europe and Central Asia
2008,Denmark,DNK,68.800003,25.0,0.0603281052644728,0.0826399087020513,0.0063005524108281,2.2102722731896178e-07,4.28433333333333,3.68333333333333,5493621.0,64616.6657583663,3.41626794258373,25.2,Europe and Central Asia
2009,Denmark,DNK,68.900002,25.0,0.0685961824228774,0.0928709189171824,0.0067268500573892,6.360152569988138e-07,3.58633333333333,6.40833333333333,5523095.0,58412.7472358513,1.30470991024337,26.7,Europe and Central Asia
2010,Denmark,DNK,68.099998,25.0,0.0706420359139925,0.0898668143362683,0.0067461185691082,7.391489363136302e-06,2.92608333333333,7.75,5547683.0,58104.5445594981,2.31092436974789,27.2,Europe and Central Asia
2011,Denmark,DNK,68.699997,25.0,0.0676175907773794,0.0884810211157127,0.0068929919246995,0.0,2.72925,7.75833333333333,5570572.0,61809.737898222,2.7586822605125,27.3,Europe and Central Asia
2012,Denmark,DNK,69.0,25.0,0.0693516642144714,0.0907991179459616,0.0069868162908106,0.0,1.40341666666667,7.78333333333333,5591572.0,58443.7747103968,2.3979148566464,27.8,Europe and Central Asia
2013,Denmark,DNK,68.800003,25.0,0.0684509692373497,0.0888136950521951,0.0068962383221259,0.0,1.745,7.375,5614932.0,61377.5940590412,0.789071780078062,28.5,Europe and Central Asia
2014,Denmark,DNK,68.5,24.5,0.0710825110952608,0.0895357079098237,0.0070068836746768,0.0,1.32483333333333,6.925,5643475.0,62520.4509747011,0.56402054044954,28.4,Europe and Central Asia
2015,Denmark,DNK,68.199997,23.5,0.0700889101685039,0.0892721711925464,0.0070565847011632,0.0,0.6905,6.26666666666667,5683483.0,53094.0133607574,0.452034153691575,28.2,Europe and Central Asia
2016,Denmark,DNK,67.400002,22.0,0.0679080107176982,0.0880576190306574,0.0068381020672103,0.0,0.320333333333333,5.98333333333333,5728010.0,54500.9260410217,0.250000000000031,28.2,Europe and Central Asia
2017,Denmark,DNK,66.699997,22.0,0.0642707525244239,0.0866783141714699,0.0066768636346866,0.0,0.476416666666667,5.81666666666667,5764980.0,57521.5514992225,1.14713216957602,28.7,Europe and Central Asia
2018,Denmark,DNK,67.5,22.0,0.0639097533898871,0.086903053689803,0.0066078676246172,0.0,0.454833333333333,5.15,5793636.0,61324.7665045565,0.813609467455631,28.2,Europe and Central Asia
2019,Denmark,DNK,67.0,22.0,0.0632064686884425,0.0873079645369513,0.0066007457247973,0.0,-0.183416666666667,5.025,5814422.0,59404.2663247723,0.75813157251162,27.7,Europe and Central Asia
2003,Luxembourg,LUX,44.0,30.38,0.0486866979417293,0.052019486422673,0.0,0.0031024939788855,3.316,3.80833333333333,451630.0,65689.3214536911,2.04984030563518,30.2,Europe and Central Asia
2004,Luxembourg,LUX,43.400002,30.38,0.049047891676395,0.0540728324457703,0.0,0.0026290036033773,2.84341666666667,4.95,458095.0,76544.9170868473,2.22567916428889,30.2,Europe and Central Asia
2005,Luxembourg,LUX,42.599998,30.38,0.0485463055925573,0.0544226003737112,0.0,0.0024427870347417,2.412666666666667,4.65,465158.0,80988.1376230858,2.48769665164088,30.8,Europe and Central Asia
2006,Luxembourg,LUX,41.400002,29.63,0.0442273009442998,0.0492473382258893,0.0,0.001841694721982,3.30366666666667,4.575,472637.0,90788.8004876145,2.66631494577069,30.9,Europe and Central Asia
2007,Luxembourg,LUX,39.5,29.63,0.042716756376531,0.04700373410983,0.0,0.0015171921568365,4.46108333333333,4.16666666666667,479993.0,107475.320297978,2.31245861786127,31.1,Europe and Central Asia
2008,Luxembourg,LUX,37.599998,29.63,0.0432691597525481,0.0473704296515739,0.0,0.0016898461690117,4.60816666666667,4.91666666666667,488650.0,120422.137934157,3.40187963025571,32.6,Europe and Central Asia
2009,Luxembourg,LUX,36.799999,28.59,0.0486712890456399,0.052813079638459,0.0,0.003495708135438,4.22875,5.11666666666667,497783.0,109419.746953106,0.368041997888887,31.2,Europe and Central Asia
2010,Luxembourg,LUX,36.099998,28.59,0.0501189605429758,0.0497550687497262,0.0,0.0034606274621802,3.16916666666667,4.58333333333333,506953.0,110885.991378721,2.2736791162154,30.5,Europe and Central Asia
2011,Luxembourg,LUX,36.599998,28.8,0.049895691821574,0.0492359961199788,0.0,0.0033844374896133,2.92333333333333,4.83333333333333,518347.0,119025.057203467,3.41068341068342,32.1,Europe and Central Asia
2012,Luxembourg,LUX,35.299999,28.8,0.0507014987973022,0.0503481497902323,0.0,0.0032474149317638,1.821,5.06666666666667,530946.0,112584.676270958,2.66284165508021,34.3,Europe and Central Asia
2013,Luxembourg,LUX,34.799999,29.22,0.0468066792588474,0.0521274393954893,0.0005986415298059,0.0013172557921928,1.85091666666667,5.875,543360.0,120000.140729859,1.73403963519162,32.0,Europe and Central Asia
2014,Luxembourg,LUX,34.099998,29.22,0.0456489602640373,0.0506239249888225,0.0002629784194348,0.0019464650854055,1.3368333333333335,6.05,556319.0,123678.702143275,0.628543985440717,31.2,Europe and Central Asia
2015,Luxembourg,LUX,33.299999,29.22,0.0446872375434927,0.0490856465953129,0.0004410599149973,0.0015928394920171,0.36875,6.45833333333333,569604.0,105462.012584423,0.474743161437779,32.9,Europe and Central Asia
2016,Luxembourg,LUX,32.299999,29.22,0.0434980259417574,0.0476746505501678,0.0004908548004176,0.0016750264392649,0.25425,6.33333333333333,582014.0,106899.293549552,0.290833333333317,31.7,Europe and Central Asia
2017,Luxembourg,LUX,32.099998,27.08,0.044402853599278,0.0498880980561675,0.0007495429163518,0.0015384540271634,0.544833333333333,5.61666666666667,596336.0,110193.213797228,1.73079959118887,34.5,Europe and Central Asia
2018,Luxembourg,LUX,30.4,26.01,0.046836584867185,0.0512832718940695,0.0007180499698907,0.0014889931272787,0.564666666666667,5.5,607950.0,116786.511654677,1.5281952430738,35.4,Europe and Central Asia
2019,Luxembourg,LUX,28.200001,24.94,0.0480752281431381,0.0517909788818393,0.0007859810705581,0.0015247103751054,-0.120583333333333,5.59166666666667,620001.0,112726.439672814,1.74332075653848,34.2,Europe and Central Asia
2004,Slovenia,SVN,37.099998,25.0,0.0002677400117197,0.0002719737170445,5.280718000316498e-07,2.672317235895034e-06,4.68333333333333,6.34166666666667,1997012.0,17103.8297783905,3.59297594249509,24.8,Europe and Central Asia
2005,Slovenia,SVN,37.5,25.0,0.0002732872132798,0.0002698486759029,4.89363631715538e-07,2.687891098095374e-06,3.80666666666667,6.54166666666667,2000474.0,17969.7095907161,2.45150132316475,24.6,Europe and Central Asia
2006,Slovenia,SVN,32.200001,25.0,0.0002653376654603,0.000264500314248,5.253445504318455e-07,2.670723691662402e-06,3.85333333333333,5.99166666666667,2006868.0,19563.005059144,2.45792444195865,24.4,Europe and Central Asia
2007,Slovenia,SVN,30.6,23.0,0.0588835720984937,0.0593655838299837,0.0001250826167821,0.0005621561999088,4.53075,4.85833333333333,2018122.0,23725.1596001515,3.65749563284099,24.4,Europe and Central Asia
2008,Slovenia,SVN,29.700001,22.0,0.0606559462820968,0.0618691817885693,0.0001205551769916,0.0007270404520114,4.60633333333333,4.39166666666667,2021316.0,27461.9764165315,5.64742380573935,23.7,Europe and Central Asia
2009,Slovenia,SVN,40.400002,21.0,0.0670345131162411,0.0700079700591249,0.0001163817857314,0.0007217345273416,4.375,5.85,2039669.0,24501.7897290425,0.839262246793887,24.8,Europe and Central Asia
2010,Slovenia,SVN,32.599998,20.0,0.0652218934082381,0.0690170958307767,0.0001594972513491,0.0006182945621867,3.8325,7.25833333333333,2048583.0,23329.8417691156,1.80117022137134,24.9,Europe and Central Asia
2011,Slovenia,SVN,36.700001,20.0,0.0643387063198187,0.0702051287669945,0.0001506162774926,0.0005195445961883,4.97091666666667,8.18333333333333,2052843.0,24940.6284841605,1.8028517194191,24.9,Europe and Central Asia
2012,Slovenia,SVN,26.799999,18.0,0.0644157951651795,0.0697356105200545,0.0001769932290071,0.0004817221374392,5.80833333333333,8.85,2057159.0,22442.1417859955,2.59741386039003,25.6,Europe and Central Asia
2013,Slovenia,SVN,26.200001,17.0,0.0649469398509219,0.0686346570446598,0.0002150312862197,0.0004727913699593,5.81166666666667,10.1083333333333,2059953.0,23236.9655321695,1.76920085881907,26.2,Europe and Central Asia
2014,Slovenia,SVN,29.4,17.0,0.0602863866978374,0.0653326781310949,0.0002393285813731,0.0004915358308021,3.27,9.7,2061980.0,24013.0682060959,0.19934382657075,25.7,Europe and Central Asia
2015,Slovenia,SVN,23.799999,17.0,0.0563224434755114,0.0672792469849306,0.0002395185251602,0.0003475876211111,1.705,8.98333333333333,2063531.0,20697.2748530619,-0.525552285820877,25.4,Europe and Central Asia
2000,Spain,ESP,17.5,35.0,0.0407477813175117,0.0514601532809626,0.0004138555119222,0.0041184800384205,5.525866059940146,11.9166666666667,40567864.0,14743.2671031455,3.43351563418767,34.1,Europe and Central Asia
2003,Spain,ESP,16.5,35.0,0.0402101452254515,0.0517165556016527,0.0004883621554212,0.0061643263903685,4.123043584752395,11.4916666666667,42187645.0,21522.0170990262,3.03888839396655,31.8,Europe and Central Asia
2004,Spain,ESP,16.0,35.0,0.0407960384113178,0.054547420583936,0.0005987961291027,0.0044148134023362,4.1041429449777285,10.9583333333333,42921895.0,24925.0267844576,3.03924881090925,33.3,Europe and Central Asia
2005,Spain,ESP,15.5,35.0,0.0395691514693096,0.0565248965114479,0.0006162982883715,0.0046362439420677,3.386349534945731,9.16666666666667,43653155.0,26450.9530130382,3.36881409750383,32.4,Europe and Central Asia
2006,Spain,ESP,15.6,35.0,0.0396148763751569,0.0564272181624234,0.0007751428889844,0.0040150212542388,3.784310065320305,8.45833333333334,44397319.0,28421.686527407,3.51557576832128,33.5,Europe and Central Asia
2007,Spain,ESP,16.4,32.5,0.0401989344256974,0.0568609454303832,0.0007127339006126,0.0042300014570211,4.306626640552206,8.225,45226803.0,32652.015594702,2.78679745804946,34.1,Europe and Central Asia
2008,Spain,ESP,17.4,30.0,0.0422731456844103,0.0605403296561048,0.0007775756181051,0.0055446085693327,4.363732246000475,11.2666666666667,45954106.0,35603.248328071,4.07534335957339,34.2,Europe and Central Asia
2009,Spain,ESP,18.299999,30.0,0.0462874770501121,0.0680276610220037,0.0010167848721796,0.0074427534273385,3.974298244169383,17.8666666666667,46362946.0,32279.8208476151,-0.28781308353524,34.9,Europe and Central Asia
2010,Spain,ESP,18.200001,30.0,0.0450199369629911,0.066049603349597,0.0011437643028561,0.0012802361799015,4.250000898780218,19.875,46576897.0,30658.7422282912,1.79986457728769,35.2,Europe and Central Asia
2011,Spain,ESP,17.9,30.0,0.0440913641935456,0.0648569744266348,0.0011930494343542,0.0009207534458074,5.43689422551768,21.4083333333333,46742697.0,31824.6219134777,3.1961018883379,35.7,Europe and Central Asia
2012,Spain,ESP,17.799999,30.0,0.0417881316339178,0.0624741786394123,0.0007809151669363,0.0008465545134773,5.846537217412216,24.7916666666667,46773055.0,28456.4438151477,2.44612782366809,35.4,Europe and Central Asia
2013,Spain,ESP,17.0,30.0,0.0410529107338555,0.0617538892333857,0.0006239933232714,0.000856040840363,4.561962038866931,26.1166666666667,46620045.0,29218.9105170888,1.40858109183019,36.2,Europe and Central Asia
2014,Spain,ESP,15.8,30.0,0.0409606246312371,0.0611184957105678,0.0004552677754153,0.0008855102608501,2.7218310821107443,24.45,46480882.0,29694.8874886229,-0.151114837527235,36.1,Europe and Central Asia
2015,Spain,ESP,14.4,28.0,0.0408329592535085,0.0611565321696386,0.0004065818425332,0.0006521867112128,1.7350872800826185,22.075,46444832.0,25969.8383138327,-0.500365709903242,36.2,Europe and Central Asia
2016,Spain,ESP,13.9,25.0,0.0403644986896332,0.0602982990595467,0.000381133194475,0.0005467658444104,1.393302220183199,19.65,46484062.0,26740.6851818829,-0.202598000426452,35.8,Europe and Central Asia
2017,Spain,ESP,13.4,25.0,0.0396932028744711,0.0592278448989084,0.0003880262285218,0.0005598175763915,1.5578658308595374,17.2333333333333,46593236.0,28367.9392609439,1.95607633363963,34.7,Europe and Central Asia
2018,Spain,ESP,13.0,25.0,0.0394002685857008,0.0595128502090271,0.0003019114459083,0.0006029979971557,1.4193522684345907,15.2666666666667,46797754.0,30592.1264795541,1.6749813686379,34.7,Europe and Central Asia
2019,Spain,ESP,12.5,25.0,0.0399231082148177,0.0605538760957468,0.0002975169696341,0.0003373986009523,0.661018326902566,14.1083333333333,47134837.0,29776.2011500384,0.699518994458739,34.3,Europe and Central Asia
2010,Switzerland,CHE,17.6,21.174438,0.0516506798606491,0.0183226473986741,0.0004369420105899,0.0006289217352765,1.6319166666666665,4.803625370376183,7824909.0,76531.3729407691,0.688238707220026,32.6,Europe and Central Asia
2011,Switzerland,CHE,17.0,21.174438,0.052046615551246,0.0190713404121237,0.0004311676810435,0.0005849729995376,1.4713333333333332,4.401668394045508,7912398.0,90476.7589651577,0.2313492076509,31.7,Europe and Central Asia
2012,Switzerland,CHE,16.5,21.174438,0.052985681224019,0.0204471377182078,0.0004055337354296,0.0006277989112421,0.6454166666666666,4.484188237313427,7996861.0,85836.2076767359,-0.692552018105253,31.6,Europe and Central Asia
2013,Switzerland,CHE,16.6,21.148581,0.0536308954798054,0.0211306193504472,0.0003054788196878,0.0005795344292892,0.9493333333333333,4.747292142222041,8089346.0,87304.3305813557,-0.217323155115693,32.5,Europe and Central Asia
2014,Switzerland,CHE,16.1,21.148581,0.0536904349338169,0.0209389201747006,0.0003035673411263,0.0006377378037944,0.6927500000000001,4.829987515398798,8188649.0,88724.9909402638,-0.0132025387514939,32.5,Europe and Central Asia
2015,Switzerland,CHE,15.7,21.148581,0.0546289241889308,0.0212564735646492,0.0002809404296978,0.0006530326831518,-0.0686666666666666,4.800638596252196,8282396.0,83806.4476003837,-1.14390867228183,32.3,Europe and Central Asia
2016,Switzerland,CHE,15.3,21.148581,0.0548596320140529,0.0215753868987544,0.0002468693841189,0.0005826672161563,-0.362,4.9191804927589455,8373338.0,82153.0745447889,-0.434618664285835,33.0,Europe and Central Asia
2017,Switzerland,CHE,14.9,21.148581,0.0549758009201572,0.0211159319427422,0.0002418785362857,0.0006400622023129,-0.0720833333333333,4.797587531576728,8451840.0,82254.3769269767,0.533787839825897,32.7,Europe and Central Asia
2018,Switzerland,CHE,14.4,21.148581,0.0541325099541699,0.0212316334824989,0.0002249243009839,0.000620243664246,0.0331666666666667,4.714413963724699,8514329.0,85217.3691512274,0.936335464113563,33.1,Europe and Central Asia
2004,Netherlands,NLD,21.299999,34.5,0.0519345414458589,0.0533736664578515,0.0031735998630479,0.0016855634127391,4.095,6.775,16281779.0,40611.3414353091,1.2636473918318,29.8,Europe and Central Asia
2005,Netherlands,NLD,22.1,31.5,0.0513901092344891,0.0533860522633326,0.0030969659496457,0.0015927770003723,3.373916666666668,6.95833333333333,16319868.0,42165.396168388,1.68813017869623,29.0,Europe and Central Asia
2006,Netherlands,NLD,21.4,29.6,0.0516764151136104,0.0661084290587693,0.0034879920469014,0.0014980151299528,3.7816666666666663,6.08333333333333,16346101.0,45123.5432406426,1.10150106517702,30.0,Europe and Central Asia
2007,Netherlands,NLD,20.200001,25.5,0.0512143229898441,0.0667865601541492,0.0035020673598009,0.0015880534703544,4.28775,5.30833333333333,16381696.0,52100.7996285947,1.61385859802103,29.6,Europe and Central Asia
2008,Netherlands,NLD,20.0,25.5,0.0525718602362355,0.0650945264770865,0.0033502277755685,0.0018793211719962,4.22775,4.75833333333333,16445593.0,58246.7026905874,2.48650198289454,29.3,Europe and Central Asia
2009,Netherlands,NLD,20.0,25.5,0.055924325542351,0.0735083857924728,0.0034355645195843,0.0022565232087061,3.686833333333334,5.425,16530388.0,53172.0261581418,1.1897768702155,27.9,Europe and Central Asia
2010,Netherlands,NLD,19.5,25.5,0.0559949737334039,0.0770968955961089,0.0034975475178144,0.0020528069024077,2.990083333333333,6.06666666666667,16615394.0,51305.7338533973,1.27530569556683,27.8,Europe and Central Asia
2011,Netherlands,NLD,19.299999,25.0,0.0543967878685334,0.0781219274618038,0.0035471858027203,0.0019450834053593,2.988583333333333,6.05,16693074.0,54701.7728030611,2.34107017751373,27.8,Europe and Central Asia
2012,Netherlands,NLD,18.799999,25.0,0.0547603276656255,0.0806265875861398,0.0035762466729056,0.0018033155483173,1.93225,6.81666666666667,16754962.0,50473.9442002689,2.45554765291604,27.6,Europe and Central Asia
2013,Netherlands,NLD,18.200001,25.0,0.0534191148299123,0.0797184956585894,0.0037501859316943,0.0016377013884402,1.9605833333333331,8.19166666666667,16804432.0,52602.2860520766,2.50689852657885,28.1,Europe and Central Asia
2014,Netherlands,NLD,18.1,25.0,0.0532044849379695,0.07881207202189,0.0041849204349369,0.0016282877044384,1.45466666666667,8.35,16865008.0,53457.2234864322,0.976035079699679,28.6,Europe and Central Asia
2015,Netherlands,NLD,17.700001,25.0,0.0519040297493474,0.0761769228018736,0.0044738441734901,0.0015446776558086,0.6903333333333332,7.89166666666667,16939923.0,45793.8135434697,0.600248147278776,28.2,Europe and Central Asia
2016,Netherlands,NLD,17.299999,25.0,0.0519123824070552,0.0713645988822181,0.0046516471690909,0.0014760301315652,0.2910833333333333,7.0,17030314.0,46808.5291492503,0.316666666666743,28.2,Europe and Central Asia
2017,Netherlands,NLD,16.799999,25.0,0.0504021383451801,0.0716670595489717,0.0045893980377194,0.0013118273555291,0.522083333333333,5.875,17131296.0,49513.6817346384,1.38145871407206,28.5,Europe and Central Asia
2018,Netherlands,NLD,16.5,25.0,0.0497171883196798,0.0722570188486065,0.0044584280167107,0.0013857962866756,0.576916666666667,4.86666666666667,17231624.0,53955.0770024266,1.7034979474447,28.1,Europe and Central Asia
2019,Netherlands,NLD,15.4,25.0,0.0488498578516611,0.072150374743752,0.0043024126049842,0.0015016263601709,-0.0701666666666666,4.43333333333333,17344874.0,53554.9007491475,2.63369910249601,29.2,Europe and Central Asia
2003,Portugal,PRT,21.1,33.0,0.0647936522763297,0.0699040852642634,0.0054440450547308,0.0021280520181244,4.17833333333333,7.80833333333333,10458821.0,15797.7821340276,3.21899090682895,38.8,Europe and Central Asia
2004,Portugal,PRT,21.6,27.5,0.0660184986654822,0.0726161383068293,0.0043787655735309,0.0027574019371554,4.14333333333333,8.16666666666666,10483861.0,18064.1580932987,2.36536204097302,38.9,Europe and Central Asia
2006,Portugal,PRT,21.1,27.5,0.0636418269697044,0.0699591434449755,0.0036483116139892,0.0019554858828167,3.915,9.3,10522288.0,19839.4540499032,3.1076654587105,38.1,Europe and Central Asia
2008,Portugal,PRT,20.700001,26.5,0.0596563042759228,0.0727220980449207,0.0029747723459414,0.0020788063586795,4.52,9.24166666666667,10558177.0,24949.0413566739,2.58850657657959,36.6,Europe and Central Asia
2009,Portugal,PRT,20.4,26.5,0.0650380328954008,0.0801370740416989,0.002883538217117,0.0022667773146025,4.21083333333333,11.225,10568247.0,23151.2154130712,-0.835530021504157,34.9,Europe and Central Asia
2010,Portugal,PRT,19.6,26.5,0.0671965218170862,0.0746786044023695,0.0024298851724136,0.0022866629455204,5.396666666666667,12.5833333333333,10573100.0,22551.935098809,1.40257289895369,35.8,Europe and Central Asia
2011,Portugal,PRT,18.6,28.5,0.0612235843123022,0.0694826389280587,0.0024265815037229,0.0021347224779391,10.240833333333333,13.533333333333331,10557560.0,23246.5425416481,3.65301100430724,36.3,Europe and Central Asia
2015,Portugal,PRT,16.1,29.5,0.050918401594571,0.0616516694666783,0.0024167091428448,0.0019155182053692,2.42333333333333,12.983333333333333,10358076.0,19215.7813014347,0.48793862390472,35.5,Europe and Central Asia
2016,Portugal,PRT,15.3,29.5,0.0477369580696354,0.0611153783913612,0.0023626903656236,0.0018257250377291,3.1725,11.475,10325452.0,19980.2808866516,0.607397074641719,35.2,Europe and Central Asia
2009,Colombia,COL,9.3999996,33.0,0.0402678368433763,0.0692074150467072,0.0021409903061843,1.4648679953236967e-05,9.469166666666666,12.2158333333333,44271541.0,5250.97292433518,4.20251661216482,54.3,Latin America and Caribbean
2010,Colombia,COL,9.1999998,33.0,0.0385123883395214,0.0705753777156931,0.0020651054093298,1.4320337830386368e-05,8.465833333333334,11.9675,44777319.0,6398.2958447102,2.27200227892008,54.6,Latin America and Caribbean
2011,Colombia,COL,9.1000004,33.0,0.0396671044604627,0.0716491632911861,0.0020825205416156,1.3973244938492064e-05,8.088333333333333,10.9916666666667,45259614.0,7400.9940695669,3.4150334477625,53.5,Latin America and Caribbean
2012,Colombia,COL,9.1000004,33.0,0.0385268271822508,0.0808377406538694,0.002073700165574,1.441731745020149e-05,6.8133333333333335,10.505,45715810.0,8108.59838244229,3.16930188840055,52.6,Latin America and Caribbean
2013,Colombia,COL,9.6999998,34.0,0.041533525745246,0.0856449230002254,0.0021793779297654,1.4517764492860173e-05,6.495,9.7425,46151584.0,8279.10255642981,2.01699224310383,52.6,Latin America and Caribbean
2014,Colombia,COL,9.6000004,34.0,0.0427509132877967,0.0999246824301384,0.0023902649432496,1.6028740219923093e-05,7.055833333333335,9.205,46565429.0,8187.20824890084,2.89883787761738,52.5,Latin America and Caribbean
2015,Colombia,COL,9.3999996,39.0,0.0449332166896102,0.0994548473325566,0.0024400516747261,1.6614284722136388e-05,7.854166666666667,8.95083333333334,46969940.0,6248.51490534512,4.9898311584953,51.0,Latin America and Caribbean
2016,Colombia,COL,9.5,40.0,0.0442573473399538,0.0956027794049888,0.0023062752685284,1.5354305831795526e-05,7.905833333333334,9.22666666666667,47437512.0,5959.84250367574,7.51346024627675,50.6,Latin America and Caribbean
2017,Colombia,COL,9.5,40.0,0.0471158243953775,0.1010456603126516,0.0023483345839818,1.5435412956007847e-05,6.771666666666667,9.29583333333333,48131078.0,6479.53231292429,4.31431325695011,49.7,Latin America and Caribbean
2004,Poland,POL,22.9,19.0,0.0562389965680477,0.0420114852670615,0.0010540477778475,0.0006625138360762,6.89666666666667,19.1416666666667,38182222.0,6711.72715262967,3.38264681884691,38.0,Europe and Central Asia
2005,Poland,POL,23.799999,19.0,0.0605863464254746,0.0439115100039868,0.001228237664325,0.0006644564413561,5.21833333333333,17.925,38165445.0,8043.92332253757,2.18379872390258,35.8,Europe and Central Asia
2006,Poland,POL,17.9,19.0,0.0591778205909808,0.0460668402827806,0.0009605216157005,0.0006288575078544,5.23166666666667,13.9666666666667,38141267.0,9068.85528307627,1.28469394366408,34.7,Europe and Central Asia
2007,Poland,POL,16.700001,19.0,0.0568457160152341,0.0447735469930974,0.0008810943056758,0.0007793649058792,5.48433333333333,9.60833333333334,38120560.0,11272.5293683383,2.45874312385402,34.0,Europe and Central Asia
2008,Poland,POL,15.7,19.0,0.056154636614696,0.0494327879747574,0.0006556011009209,0.0015212115379524,6.07166666666667,7.04166666666667,38125759.0,14048.5604672654,4.16497193524764,33.5,Europe and Central Asia
2009,Poland,POL,15.4,19.0,0.0539696374436876,0.049903177954443,0.0005917229217456,0.0009617314809207,6.12059848483333,8.125,38151603.0,11556.3026866026,3.79539242483406,33.4,Europe and Central Asia
2010,Poland,POL,17.4,19.0,0.0555883883050671,0.0498737072104879,0.0006062497832344,0.0007116845281448,5.78166666666667,9.98333333333333,38042794.0,12567.7317676382,2.58069370250543,33.2,Europe and Central Asia
2011,Poland,POL,17.299999,19.0,0.054317478905084,0.0467813595113852,0.0005690774020356,0.0005160061386997,5.95558333333333,9.95,38063255.0,13867.6669408192,4.2394014962594,33.2,Europe and Central Asia
2012,Poland,POL,16.6,19.0,0.0539044168199344,0.0462945773116425,0.0006984162140862,0.0005134869429248,4.99928333333333,10.3916666666667,38063164.0,13087.420943321,3.56037151702783,33.0,Europe and Central Asia
2014,Poland,POL,16.5,19.0,0.0528638770385101,0.0466496480966226,0.0005783000695862,0.000504623822096,3.51621117375,9.20833333333334,38011735.0,14262.2841914116,0.0538213132399802,32.8,Europe and Central Asia
2016,Poland,POL,14.1,19.0,0.0495572037981618,0.0461949184330163,0.0004519389483123,0.0004542433921374,3.03568922308333,6.28333333333333,37970087.0,12464.0110508476,-0.664767331433961,31.2,Europe and Central Asia
2017,Poland,POL,13.4,19.0,0.048813522992945,0.0466635016592139,0.0003903625535562,0.000481326458453,3.42,4.95833333333333,37974826.0,13913.3402919927,2.0759355367385,29.7,Europe and Central Asia
2000,Norway,NOR,53.599998,28.0,0.0520117712866077,0.0684721487792583,0.0014458574006265,0.0015624801790455,6.21833333333333,3.24166666666667,4490967.0,38178.2368777076,3.08550609131276,27.4,Europe and Central Asia
2003,Norway,NOR,51.799999,28.0,0.0611182020383921,0.0812432089254672,0.0012887146830242,0.0011600279325454,5.045,4.20833333333333,4564855.0,50250.3298214345,2.48782553461783,27.6,Europe and Central Asia
2004,Norway,NOR,51.599998,28.0,0.056378952388076,0.0767510519942065,0.0014814343871922,0.0009769973100886,4.36833333333333,4.275,4591910.0,57768.6980958462,0.45449850222084,31.6,Europe and Central Asia
2005,Norway,NOR,51.200001,28.0,0.0519084022980045,0.0724087735980856,0.0013319733184713,0.0009228672277979,3.74583333333333,4.525,4623291.0,67047.1704558264,1.53213367609254,30.6,Europe and Central Asia
2006,Norway,NOR,51.099998,28.0,0.0489935971325735,0.0686948616902736,0.0012611901614971,0.0010391559705564,4.07666666666667,3.6,4660677.0,74434.4996835671,2.32934980757544,26.4,Europe and Central Asia
2007,Norway,NOR,50.099998,28.0,0.0483725561036843,0.0684745781571953,0.0015312517431369,1.2710999527976817e-06,4.77416666666667,2.71666666666667,4709153.0,85502.2677087731,0.712589073634201,27.1,Europe and Central Asia
2008,Norway,NOR,49.799999,28.0,0.04647624931592,0.0653448430382112,0.0014663623345098,7.627372351156602e-07,4.45833333333333,2.93333333333333,4768212.0,97503.5407803783,3.75393081761005,27.0,Europe and Central Asia
2009,Norway,NOR,50.299999,28.0,0.0539073066170271,0.0743284612051362,0.0017481478928643,4.098822726528266e-07,3.99833333333333,3.45833333333333,4828726.0,80347.5700665184,2.19738586853574,26.2,Europe and Central Asia
2010,Norway,NOR,50.5,28.0,0.0523223166475458,0.0731245041455068,0.001814342865894,0.0,3.52833333333333,3.95833333333333,4889252.0,88163.2085931423,2.41890639481001,25.7,Europe and Central Asia
2011,Norway,NOR,49.900002,28.0,0.049867808047819,0.0709775940957939,0.0017441721837099,0.0,3.135,3.56666666666667,4953088.0,101221.813476644,1.28495158809152,25.3,Europe and Central Asia
2012,Norway,NOR,49.900002,28.0,0.0485450953074705,0.070881725678342,0.0016137672380444,0.0,2.10166666666667,3.48333333333333,5018573.0,102175.919298374,0.696864111498362,25.7,Europe and Central Asia
2013,Norway,NOR,49.799999,28.0,0.0487684992080146,0.073234455164246,0.0015593778668008,0.0,2.5775,3.93333333333333,5079623.0,103553.840134417,2.12048620353112,26.4,Europe and Central Asia
2014,Norway,NOR,50.099998,27.0,0.0508989251610487,0.0768084140052932,0.0012309537424536,0.0,2.515,3.775,5137232.0,97666.6951838749,2.04170286707211,26.8,Europe and Central Asia
2015,Norway,NOR,49.799999,27.0,0.0543428291572729,0.0818578338710549,0.0012213343437108,0.0,1.565,4.69166666666667,5188607.0,74809.9658049898,2.17113665389527,27.5,Europe and Central Asia
2016,Norway,NOR,50.0,25.0,0.056196095358364,0.0856248405425483,0.0013854144770517,0.0,1.33166666666667,4.90833333333333,5234519.0,70867.3609970749,3.54999999999998,28.5,Europe and Central Asia
2017,Norway,NOR,50.0,24.0,0.0553284084182765,0.0834012668280219,0.0012407078564823,0.0,1.6375,4.36666666666667,5276968.0,76131.8384032764,1.87510059552554,27.0,Europe and Central Asia
2018,Norway,NOR,49.900002,23.0,0.053608739743347,0.081319561894446,0.0011863285075886,0.0,1.87916666666667,3.99166666666667,5311916.0,82792.8427113304,2.76483134528788,27.6,Europe and Central Asia
2019,Norway,NOR,50.400002,22.0,0.0555386430176563,0.0862369844120149,0.0012874843234674,0.0,1.49416666666667,3.875,5347896.0,76430.5889473338,2.16773003305402,27.7,Europe and Central Asia
2004,Hungary,HUN,17.9,16.0,0.0588189637867603,0.0552890831858172,0.0090639239114345,5.25815592228092e-06,8.29166666666666,6.06666666666667,10107146.0,10301.7033946743,6.74434679569469,29.9,Europe and Central Asia
2005,Hungary,HUN,17.299999,16.0,0.0598134115360034,0.0568775363503536,0.0103680616293027,2.0181486442599734e-05,6.59833333333333,7.175,10087065.0,11223.3993032598,3.56151711378352,34.7,Europe and Central Asia
2008,Hungary,HUN,15.3,20.0,0.05291668565378,0.0489041644235038,0.0067776272946077,0.0,8.23833333333333,7.8,10038188.0,15772.3300839383,6.0425125388106,27.5,Europe and Central Asia
2012,Hungary,HUN,12.5,19.0,0.0467377399808962,0.0508586325080315,0.0049994083795458,5.862750055342622e-07,7.89083333333333,10.5833333333333,9920362.0,12984.8365730133,5.65214517088646,30.8,Europe and Central Asia
2014,Hungary,HUN,11.0,19.0,0.0519850703132326,0.0479273294530566,0.0036609990145621,0.0002535306899708,4.80916666666667,7.45833333333333,9866468.0,14294.2584180751,-0.227566270988219,30.9,Europe and Central Asia
2016,Hungary,HUN,9.1999998,19.0,0.049605202533699,0.0471588850517193,0.0015945130103942,0.0002479377692494,3.14333333333333,4.88333333333333,9814023.0,13104.6995457458,0.394769306686392,30.3,Europe and Central Asia
2018,Hungary,HUN,8.3000002,9.0,0.0500894398307683,0.0464780804997658,0.0007890204166206,0.0002875073956978,3.05833333333333,3.4916666666666663,9775564.0,16425.2050299693,2.85024792594646,29.6,Europe and Central Asia
2003,Belgium,BEL,55.400002,33.99,0.0589131871172231,0.068645399256475,0.0005163580964736,0.0014377656914895,4.18083333333333,8.175,10376133.0,30655.2092679024,1.5889639997038,28.1,Europe and Central Asia
2004,Belgium,BEL,55.299999,33.99,0.0562934333536477,0.0689283763847199,0.0006896442520492,0.0013233622970442,4.1525,8.39166666666667,10421137.0,35429.4077933344,2.09728311239314,30.5,Europe and Central Asia
2005,Belgium,BEL,54.900002,33.99,0.0569156773242968,0.068004654919272,0.0006676609546712,0.0012730713952113,3.42833333333333,8.43333333333333,10478617.0,36809.7013403619,2.78143263670022,29.3,Europe and Central Asia
2006,Belgium,BEL,53.799999,35.97,0.0562657714942107,0.066982314398057,0.0009312581981014,0.0014273346424666,3.815,8.25,10547958.0,38705.1067959147,1.7912077007046,28.1,Europe and Central Asia
2007,Belgium,BEL,53.599998,33.99,0.0551823546376526,0.0676208439058507,0.0008294072299282,0.0014303636965254,4.32833333333333,7.48333333333333,10625700.0,44319.165448813,1.82305630026808,29.2,Europe and Central Asia
2008,Belgium,BEL,53.400002,33.99,0.0572372279655237,0.0729236763990537,0.0012836072690551,0.001399885314026,4.4175,6.975,10709973.0,48303.397956286,4.48944420508401,28.4,Europe and Central Asia
2009,Belgium,BEL,53.799999,33.99,0.0604785427059521,0.0780781566647465,0.0015537698401857,0.001128733411573,3.90166666666667,7.99166666666667,10796493.0,44923.3400135081,-0.0531456741253769,28.6,Europe and Central Asia
2010,Belgium,BEL,53.0,33.99,0.0603186742516857,0.0775534464038357,0.0016457329871182,0.0011053225064034,3.4625,8.375,10895586.0,44197.393671162,2.18929920422457,28.4,Europe and Central Asia
2011,Belgium,BEL,54.200001,33.99,0.0616984391097559,0.0767993485861484,0.001859560538557,0.0010505738155499,4.23333333333333,7.21666666666667,11038264.0,47760.8298776546,3.53208210722742,28.1,Europe and Central Asia
2012,Belgium,BEL,54.099998,33.99,0.0622949881539402,0.0789975328334728,0.0016835298912265,0.001229329972632,3.0,7.63333333333333,11106932.0,44874.1709182123,2.83966343445899,27.5,Europe and Central Asia
2013,Belgium,BEL,53.299999,33.99,0.0634380789643008,0.0796814525907832,0.0017090018836018,0.0011271708745938,2.41,8.55,11159407.0,46964.5946777056,1.1130959402754,27.7,Europe and Central Asia
2014,Belgium,BEL,52.900002,33.99,0.0627074441985745,0.079870445919986,0.0017117811883346,0.00125790729564,1.71333333333333,8.65,11209057.0,47995.7786961339,0.340002833356922,28.1,Europe and Central Asia
2015,Belgium,BEL,52.299999,33.99,0.0631039760503251,0.0783954776699122,0.001917514162363,0.0011279353512795,0.84,8.65,11274196.0,40893.804537772,0.561429152790065,27.7,Europe and Central Asia
2016,Belgium,BEL,51.599998,33.99,0.0625455256657996,0.0762427266877687,0.0018120411112078,0.0011170052496446,0.475833333333333,7.85,11331422.0,41854.5498296444,1.97385264653181,27.6,Europe and Central Asia
2017,Belgium,BEL,50.700001,33.99,0.0624401227584943,0.0756717527365372,0.0021341556925553,0.0011186106134496,0.7225,7.1,11375158.0,44035.3239358548,2.12597086002607,27.4,Europe and Central Asia
2018,Belgium,BEL,50.0,29.58,0.0620827183423066,0.0756590215538109,0.0020725070610617,0.0013980662984627,0.795,5.95833333333333,11427054.0,47487.2100392561,2.05316499865186,27.2,Europe and Central Asia
2019,Belgium,BEL,49.099998,29.58,0.0611966046567593,0.0745699870829773,0.0020221301759597,0.0013392571283999,0.193333333333333,5.36666666666667,11488980.0,46716.6227467964,1.43681956996429,27.2,Europe and Central Asia
2017,Israel,ISR,25.0,24.0,0.0697944596922351,0.0526468465238923,0.0016337556096935,0.0020638697149996,1.90916666666667,4.21666666666667,8713300.0,40997.9110240274,0.25941497450575,38.2,Middle East and North Africa
2000,Austria,AUT,36.900002,34.0,0.0523599019174591,0.0728422955732368,0.0011990199090363,0.0004547405882433,5.5554,3.93333333333333,8011566.0,24487.2974685956,2.34486285357282,29.0,Europe and Central Asia
2003,Austria,AUT,34.599998,34.0,0.0527294234862481,0.0766057369396246,0.0013495162388549,0.0004519786323241,4.14086666666667,4.75833333333333,8121423.0,32110.1159661425,1.35555370896452,29.5,Europe and Central Asia
2004,Austria,AUT,34.799999,34.0,0.049382824959928,0.0775498714200205,0.0012792790832502,0.00042067545312,4.13089166666667,5.89166666666667,8171966.0,36614.2506533707,2.06120618032862,29.8,Europe and Central Asia
2005,Austria,AUT,33.799999,25.0,0.0483128657524583,0.0768956238315317,0.0012679363791156,0.0004106121436508,3.39373333333333,6.03333333333333,8227829.0,38157.37022862,2.29913785639285,28.7,Europe and Central Asia
2006,Austria,AUT,31.6,25.0,0.0482483128846295,0.0758204910291696,0.0014826630571848,0.0003705059499972,3.80084166666667,5.64166666666667,8268641.0,40382.2078298575,1.4415485111902,29.6,Europe and Central Asia
2007,Austria,AUT,30.4,25.0,0.0471147497765898,0.0761085537027952,0.001196669578311,0.0003763178739647,4.29708333333333,5.21666666666667,8295487.0,46622.9622913635,2.16855528800749,30.6,Europe and Central Asia
2008,Austria,AUT,29.6,25.0,0.0487476617950036,0.0777604428864198,0.0014214336035065,0.0003650210244469,4.358525,4.44166666666667,8321496.0,51581.3982361071,3.21595033239886,30.4,Europe and Central Asia
2009,Austria,AUT,29.299999,25.0,0.05143716690624,0.0811294067141784,0.0016107638033623,0.0004228813888685,3.93763333333333,5.66666666666667,8343323.0,47857.4446635266,0.506308827696515,31.5,Europe and Central Asia
2010,Austria,AUT,28.9,25.0,0.0515935342095515,0.0815049502057499,0.0016994693763699,0.0004264912142367,3.22638333333333,5.19166666666667,8363404.0,46611.1393420232,1.81353438995062,30.3,Europe and Central Asia
2011,Austria,AUT,28.299999,25.0,0.0502659523506159,0.0793956407636,0.0013766559626776,0.000413087648616,3.31965833333333,4.9,8391643.0,51116.8953522042,3.2865791487538,30.8,Europe and Central Asia
2012,Austria,AUT,28.0,25.0,0.0504290083486999,0.0799347647162297,0.0012373439781197,0.0004258196760276,2.371175,5.19166666666667,8429991.0,48250.4059142637,2.48567562177015,30.5,Europe and Central Asia
2013,Austria,AUT,27.799999,25.0,0.0508421280575461,0.0808371737889416,0.001174096308943,0.0003991385717867,2.01075833333333,5.725,8479823.0,50305.3545774973,2.00015616900597,30.8,Europe and Central Asia
2014,Austria,AUT,27.700001,25.0,0.0499064135468824,0.0818224380129289,0.0011319743641007,0.0004080717902697,1.48729166666667,6.03333333333333,8546356.0,51314.9722616322,1.60581182954474,30.5,Europe and Central Asia
2015,Austria,AUT,27.4,25.0,0.0496588347980729,0.0830437208408214,0.0011189372046372,0.0004046380015828,0.747041666666667,6.15,8642699.0,43915.228020857,0.89656333526032,30.5,Europe and Central Asia
2016,Austria,AUT,26.9,25.0,0.0492606257113437,0.0826401822385995,0.0011183819857754,0.0003684640853655,0.375383333333333,6.45,8736668.0,45061.4993920192,0.891591752655362,30.8,Europe and Central Asia
2017,Austria,AUT,26.700001,25.0,0.0487182094111449,0.0828521434722994,0.0010650025274105,0.0003688861426971,0.583283333333333,5.925,8797566.0,47163.7425775142,2.08126911385587,29.7,Europe and Central Asia
2018,Austria,AUT,26.299999,25.0,0.0480505768485229,0.0834375956994463,0.0010252213399772,0.000391066231159,0.686158333333333,5.20833333333333,8840521.0,51194.0749841299,1.9983798142954,30.8,Europe and Central Asia
2019,Austria,AUT,26.299999,25.0,0.0483529761191593,0.0839636127529469,0.0009409492791846,0.0003721442521693,0.0629333333333334,4.84166666666667,8879920.0,49885.9947355204,1.53089564152644,30.2,Europe and Central Asia
2004,Greece,GRC,24.1,35.0,0.0421057758071236,0.0577697172973523,0.0019692417148918,0.0,4.255833333333333,10.6083333333333,10955141.0,21449.2552764245,2.8988481075817,33.6,Europe and Central Asia
2007,Greece,GRC,22.6,25.0,0.0364484435936699,0.0610119992140538,0.0038729469799184,0.0,4.5,8.41666666666666,11048473.0,28440.7625328955,2.89500321516578,34.0,Europe and Central Asia
2010,Greece,GRC,22.200001,24.0,0.0415044478590409,0.0693544690679039,0.0006485069977975,0.0,9.09166666666667,12.9583333333333,11121341.0,26653.0488008626,4.71298907760388,34.1,Europe and Central Asia
2013,Greece,GRC,23.1,26.0,0.0453979174909641,0.0545100644224301,0.001280079790742,1.1228770094228071e-05,10.0541666666667,27.825,10965211.0,21573.3449762805,-0.921269454256994,36.1,Europe and Central Asia
2016,Greece,GRC,19.0,29.0,0.0401666546430402,0.0533453529482136,6.878833391130061e-05,5.732361159275049e-06,8.36,23.875,10775971.0,17919.2426377048,-0.825653978390973,35.0,Europe and Central Asia
2003,Iceland,ISL,86.5,18.0,0.0772103228559984,0.0854909671048031,0.0088953585374737,0.0025876421591914,4.40614166666667,3.591666666666667,289521.0,39476.6978486684,2.05566329753742,26.8,Europe and Central Asia
2004,Iceland,ISL,84.099998,18.0,0.0762463383721189,0.0812570500775809,0.0079372352663965,0.0026332487945849,3.825,3.35,292074.0,47334.9306537723,3.15819324298464,28.0,Europe and Central Asia
2005,Iceland,ISL,84.099998,18.0,0.0779729319535985,0.0784286200791126,0.0072663922222519,0.0021509519632788,3.70416666666667,2.9,296734.0,56794.8501588953,3.98704782806593,29.0,Europe and Central Asia
2006,Iceland,ISL,85.199997,18.0,0.076618201695483,0.075855529137329,0.0061078012018796,0.0048969824378314,4.381775,3.208333333333334,303782.0,57492.9342498703,6.68707906136661,30.2,Europe and Central Asia
2007,Iceland,ISL,84.900002,18.0,0.0743364630136393,0.0747409184706121,0.0057140292586751,0.0022033434908497,4.96211657,2.4916666666666667,311566.0,69495.7267376825,5.05155736492146,29.5,Europe and Central Asia
2008,Iceland,ISL,84.699997,15.0,0.0751605361086344,0.0740947064097819,0.0063181865180346,0.002674906869915,4.300186665,3.3916666666666666,317414.0,56943.3704468563,12.6943942775878,31.8,Europe and Central Asia
2009,Iceland,ISL,84.900002,15.0,0.075665955577208,0.0771355903455612,0.0089937934077923,0.0021163490791646,4.29942858583333,8.208333333333332,318499.0,41301.273219718,12.0031298461743,28.7,Europe and Central Asia
2010,Iceland,ISL,85.199997,18.0,0.0717998535246621,0.0722990483514796,0.0096698867912713,0.0016045467269002,3.49333333333333,8.591666666666667,318041.0,43237.0729488958,5.39673113167477,26.2,Europe and Central Asia
2011,Iceland,ISL,85.0,20.0,0.071250658502431,0.0709038783361896,0.0133979625153909,0.0020680521642989,2.94666666666667,7.925,319014.0,47714.5922308485,4.0010266434312,26.8,Europe and Central Asia
2012,Iceland,ISL,85.300003,20.0,0.069657258673673,0.0715804146497341,0.0106586922893803,0.0024710055592747,2.27666666666667,6.841666666666667,320716.0,45995.5478789467,5.18589988750698,26.8,Europe and Central Asia
2013,Iceland,ISL,88.900002,20.0,0.0682082489101156,0.0713604421317617,0.0071426340810398,0.001904818487475,2.55166666666667,6.1,323764.0,49804.9829978371,3.87227923748249,25.4,Europe and Central Asia
2014,Iceland,ISL,90.400002,20.0,0.0694657332534019,0.0729309891816119,0.0069705624784124,0.0024595328534562,3.20166666666667,5.508333333333334,327386.0,54576.7448146565,2.04461481539333,27.8,Europe and Central Asia
2015,Iceland,ISL,91.599998,20.0,0.0680228749311386,0.0719775014761712,0.0059497644446107,0.002937233701927,2.66083333333333,4.591666666666667,330815.0,52951.6815110898,1.63305558181326,26.8,Europe and Central Asia
2016,Iceland,ISL,90.400002,20.0,0.06699413114997,0.0735771244329681,0.0047008130199566,0.0028129521483981,2.77583333333333,3.441666666666667,335439.0,61987.9263620283,1.69692761997751,27.2,Europe and Central Asia
2017,Iceland,ISL,91.0,20.0,0.0699489135413116,0.0755476293928899,0.0041272019469201,0.0032574156831149,2.21583333333333,3.2833333333333337,343400.0,72010.1490316258,1.76041559180596,26.1,Europe and Central Asia
2000,United Kingdom,GBR,29.799999,30.0,0.0465932446644519,0.049401193957839,0.0114089405291646,0.0024536625821541,5.328975,5.45,58892514.0,28280.926786099,1.18295624210408,38.8,Europe and Central Asia
2001,United Kingdom,GBR,29.299999,30.0,0.0492129231521636,0.0521630285257822,0.0106067675012446,0.0033916177424595,4.9295,5.075,59119673.0,27906.5695029641,1.53234960272418,37.1,Europe and Central Asia
2002,United Kingdom,GBR,28.799999,30.0,0.0553395466871336,0.0555065657630669,0.010952758497135,0.0032908633001736,4.89424166666667,5.175,59370479.0,30077.741432188,1.52040245947455,35.1,Europe and Central Asia
2003,United Kingdom,GBR,29.299999,30.0,0.0562165339604895,0.0580968822887879,0.0102934368335255,0.0039705072900164,4.52659166666667,5.025,59647577.0,34442.6875402308,1.37650038542013,34.9,Europe and Central Asia
2004,United Kingdom,GBR,28.799999,30.0,0.0556635689267476,0.0617765810806834,0.0101361831707685,0.0044624610677216,4.88226666666667,4.75,59987905.0,40366.8886650968,1.39039756680422,34.8,Europe and Central Asia
2005,United Kingdom,GBR,28.6,30.0,0.0551880529830019,0.0630708349633447,0.0101819863018358,0.0053705294972188,4.41389166666667,4.8,60401206.0,42104.7884375024,2.0891364902507,35.5,Europe and Central Asia
2006,United Kingdom,GBR,28.299999,30.0,0.0562838952222902,0.0648885037544028,0.0102615357553734,0.0059354543458919,4.501675,5.425,60846820.0,44512.4590296865,2.4556616643929,35.9,Europe and Central Asia
2007,United Kingdom,GBR,28.0,30.0,0.0567317548946729,0.0652280837903396,0.010347354142387,0.0060011028373035,5.011275,5.325,61322463.0,50397.6854954706,2.38656150773327,34.4,Europe and Central Asia
2008,United Kingdom,GBR,27.5,28.0,0.0577922400745447,0.0685747865385245,0.0108333779308394,0.0052343859885959,4.590725,5.7,61806995.0,47396.1202078484,3.52140856342539,35.4,Europe and Central Asia
2009,United Kingdom,GBR,27.4,28.0,0.0621255088919594,0.0769875178626215,0.0128379246002278,0.0056538777773181,3.64751666666667,7.625,62276270.0,38744.131693043,1.96173173560109,35.1,Europe and Central Asia
2010,United Kingdom,GBR,26.6,28.0,0.0625164355790576,0.0758663220919671,0.0135780418798758,0.005000146094036,3.624425,7.875,62766365.0,39598.957119545,2.49265472467065,33.7,Europe and Central Asia
2011,United Kingdom,GBR,26.0,26.0,0.0581003133664945,0.0737301439320578,0.0137851183996054,0.004093011506144,3.13599166666667,8.125,63258810.0,42109.6418795749,3.8561124468282,33.2,Europe and Central Asia
2012,United Kingdom,GBR,26.1,24.0,0.0557887396679143,0.0732910664842169,0.0139702342571547,0.0032619192806271,1.91804166666667,7.975,63700215.0,42497.3404974322,2.5732347965453,33.1,Europe and Central Asia
2013,United Kingdom,GBR,25.6,23.0,0.0530145209196788,0.0734399147618029,0.0137114262634019,0.0029943397211458,2.38978333333333,7.6,64128273.0,43426.2981405143,2.29166666666659,32.7,Europe and Central Asia
2014,United Kingdom,GBR,25.0,21.0,0.0531910095709347,0.0747027941803389,0.0131902364223839,0.0031231980001224,2.56908333333333,6.175,64602298.0,47439.6165895125,1.45112016293279,33.1,Europe and Central Asia
2015,United Kingdom,GBR,24.700001,20.0,0.0520049821258148,0.075413877004943,0.0127219532354336,0.0031266126814617,1.90103333333333,5.35,65116219.0,44964.3911437292,0.36804684232536,33.3,Europe and Central Asia
2016,United Kingdom,GBR,23.6,20.0,0.0508142766406664,0.075677643355116,0.0119599627443645,0.003096435358711,1.30520833333333,4.9,65611593.0,40985.2351382417,1.0084173681141,33.1,Europe and Central Asia
2017,United Kingdom,GBR,23.299999,19.0,0.0503997156608149,0.0741270026445207,0.0109185857953555,0.0032034958807589,1.23580833333333,4.425,66058859.0,40572.1214823783,2.55775577557747,32.6,Europe and Central Asia
2018,United Kingdom,GBR,23.4,19.0,0.0494275483333556,0.0752216324371908,0.0100192357741609,0.0032799603640403,1.46065833333333,4.1,66460344.0,43203.8141057739,2.29283990345938,33.7,Europe and Central Asia
2019,United Kingdom,GBR,23.5,19.0,0.0490250102846071,0.076439139969587,0.0085097011040229,0.0036290450736619,0.935825,3.825,66836327.0,42662.5353740311,1.73810460086513,32.8,Europe and Central Asia
2000,France,FRA,10.8,37.766667,0.0561947932338489,0.0700622924481438,0.0094223528967049,0.0070375827959399,5.394166666666667,9.55833333333334,60918661.0,22340.5939516217,1.67595988720927,32.6,Europe and Central Asia
2001,France,FRA,10.8,36.433333,0.0564764678551854,0.0705777751867614,0.0092923798498492,0.0067186429073323,4.939166666666666,8.74166666666667,61364377.0,22331.7948343036,1.63478079549601,32.5,Europe and Central Asia
2002,France,FRA,10.8,35.433333,0.0581576582444336,0.0732996082442562,0.0095062478680002,0.0074629494559567,4.86,8.63333333333333,61812142.0,24144.5727019529,1.9234122872706,31.8,Europe and Central Asia
2003,France,FRA,10.8,35.433333,0.0579173140962726,0.0757689885699013,0.0092214029255027,0.0075965621426401,4.13,8.508333333333333,62249855.0,29479.5222101175,2.09847219146923,31.4,Europe and Central Asia
2004,France,FRA,10.5,35.433333,0.0557511766499253,0.0761626163244221,0.0091851478535235,0.0076451513073136,4.098333333333334,8.875,62707588.0,33644.9282220364,2.14208964640241,30.6,Europe and Central Asia
2005,France,FRA,10.5,34.933333,0.0552930547793892,0.0769201651010898,0.0090042965352183,0.0074634755914948,3.41,8.891666666666666,63180854.0,34696.3718316971,1.74586936380482,29.8,Europe and Central Asia
2008,France,FRA,10.6,34.433333,0.0539371940608835,0.07457991074069,0.0087396998100049,0.0071949759590416,4.234166666666666,7.441666666666667,64375116.0,45464.8181385158,2.81286194914787,33.0,Europe and Central Asia
2010,France,FRA,10.8,34.433333,0.0564056933529217,0.0797550152296392,0.0090677950944833,0.0073018294752538,3.1183333333333336,9.283333333333331,65026211.0,40694.8211697025,1.53112270420926,33.7,Europe and Central Asia
2013,France,FRA,11.0,38.0,0.0548470279862512,0.0804781508201546,0.0092970416844487,0.006982331564869,2.204166666666667,10.3,65997932.0,42669.1795111893,0.863715497861805,32.5,Europe and Central Asia
2016,France,FRA,10.8,34.433333,0.0541365537136714,0.0813358895738529,0.0094111566026497,0.0058351500874265,0.4666666666666666,10.058333333333334,66724104.0,37024.2157133669,0.18333486112386,31.9,Europe and Central Asia
2006,Latvia,LVA,18.0,15.0,0.0841074354104183,0.0635580082204207,0.0011884490037643,0.0060540168575299,4.13333333333333,7.03333333333333,2218357.0,9211.7374468148,6.53619908765877,35.6,Europe and Central Asia
2007,Latvia,LVA,16.700001,15.0,0.082608454183341,0.0602487137877107,0.0014964268994619,0.0052527098062458,5.2825,6.075,2200325.0,13370.9789452508,10.0929775849168,37.5,Europe and Central Asia
2008,Latvia,LVA,15.2,15.0,0.0940365133627168,0.0642913884283651,0.0019417802778733,0.0052282449213779,6.43166666666667,7.75,2177322.0,15677.6080864506,15.4023191064986,37.2,Europe and Central Asia
2009,Latvia,LVA,15.2,15.0,0.0969807318258115,0.0659929696870295,0.0013065551667042,0.0042407223678297,12.3575,17.55,2141669.0,11996.0322729773,3.53410672858944,35.9,Europe and Central Asia
2010,Latvia,LVA,15.1,15.0,0.0895901513660175,0.0590287396976216,0.0018747952488773,0.0039849439715854,10.3375,19.475,2097555.0,11188.4191700977,-1.08463595015162,35.0,Europe and Central Asia
2011,Latvia,LVA,13.7,15.0,0.0894362439167255,0.0630784743134533,0.0022821879690671,0.0050823725495344,5.9075,16.2083333333333,2059709.0,12902.574053337,4.3707355993922,35.8,Europe and Central Asia
2012,Latvia,LVA,13.2,15.0,0.0845497189491479,0.0575124208828922,0.0023575196797433,0.0045585906850872,4.565,15.0416666666667,2034319.0,13329.3499931271,2.25778924374595,35.2,Europe and Central Asia
2013,Latvia,LVA,12.9,15.0,0.0847592178065456,0.0541110445829522,0.0020579419894317,0.0048448464278908,3.34,11.8583333333333,2012647.0,14484.4715282132,-0.0294547782579216,35.5,Europe and Central Asia
2014,Latvia,LVA,12.8,15.0,0.0611824968336584,0.0394150985245822,0.0012711433994112,0.0031267407194355,2.50833333333333,10.8416666666667,1993782.0,15185.814581236,0.620490636732421,35.1,Europe and Central Asia
2015,Latvia,LVA,12.7,15.0,0.0607637305904167,0.0385478378503472,0.0011013186637968,0.0030567383792876,0.963333333333334,9.875,1977527.0,13321.9753140616,0.174242243625186,34.2,Europe and Central Asia
2016,Latvia,LVA,12.4,15.0,0.0574071357318319,0.0381808048224338,0.0011319210974663,0.0025291680922831,0.534166666666667,9.63333333333333,1959537.0,13838.5266823272,0.140633334505327,34.3,Europe and Central Asia
2017,Latvia,LVA,12.3,15.0,0.0598240512942095,0.0363994826792569,0.0011650017634536,0.0034880867711455,0.834166666666666,8.70833333333334,1942248.0,15132.4958333982,2.93036312374665,35.6,Europe and Central Asia
2018,Latvia,LVA,11.6,20.0,0.060329743683569,0.0416126723825565,0.0009611613044983,0.0036617191012835,0.9025,7.4,1927174.0,17252.1710428626,2.53445424186598,35.1,Europe and Central Asia
2002,Czechia,CZE,22.4,31.0,0.0471913192353826,0.0725254040090766,0.0039471846305069,0.0015969920767362,4.876591212844031,7.29166666666667,10196916.0,8101.26018588111,1.90298097019032,26.6,Europe and Central Asia
2004,Czechia,CZE,20.6,28.0,0.0459062541682907,0.0715558247451498,0.0008287531705326,0.0018430770978902,4.820178636817549,8.29166666666667,10197101.0,11782.5546676117,2.76010781671157,27.5,Europe and Central Asia
2005,Czechia,CZE,19.1,26.0,0.0454250308817752,0.0688500302385552,0.0007523197643694,0.0022378015949858,3.5443901623917267,7.94166666666667,10211216.0,13442.4916284309,1.8570978910922,26.9,Europe and Central Asia
2006,Czechia,CZE,18.1,24.0,0.0467663843195183,0.0695398461858877,0.0006515120440401,0.0020196873365243,3.7982323134467184,7.13333333333333,10238905.0,15259.0788162004,2.53399258343635,26.7,Europe and Central Asia
2007,Czechia,CZE,17.4,24.0,0.0412290788596559,0.0676739786724832,0.000548147999807,0.0007872172788146,4.302214655339868,5.325,10298828.0,18452.6532812196,2.85312437211175,26.0,Europe and Central Asia
2008,Czechia,CZE,16.9,21.0,0.0409180690583039,0.069318665035803,0.0005277945218677,0.0010067971522253,4.633776640016089,4.40833333333333,10384603.0,22774.7045076205,6.35866380152373,26.3,Europe and Central Asia
2009,Czechia,CZE,16.700001,20.0,0.0439715575065802,0.0780447623308042,0.0007205668222445,0.0020382688654557,4.837805164334827,6.68333333333333,10443936.0,19817.4215836554,1.01937735329232,26.2,Europe and Central Asia
2010,Czechia,CZE,16.1,19.0,0.0432308641412046,0.0767874251912741,0.0010570420872849,0.0015524608277013,3.8854240205895247,7.29166666666667,10474410.0,20160.4355077059,1.47272727272722,26.6,Europe and Central Asia
2011,Czechia,CZE,15.4,19.0,0.0436721602889126,0.0759677732455427,0.0013473801416482,0.0021912630284798,3.707122499151676,6.71666666666667,10496088.0,22049.1080788682,1.9172191363555,26.4,Europe and Central Asia
2012,Czechia,CZE,14.8,19.0,0.0430586156809974,0.0765863131819116,0.0018094467104346,0.001154821330492,2.78184081858158,6.975,10510785.0,20014.0354015165,3.28762306610411,26.1,Europe and Central Asia
2013,Czechia,CZE,13.6,19.0,0.0426468052015213,0.0753790287432677,0.0024619747945016,0.0020611603087638,2.111804505711107,6.96666666666667,10514272.0,20260.4954999375,1.4382978723404,26.5,Europe and Central Asia
2014,Czechia,CZE,12.9,19.0,0.0427835507199534,0.0750609126423511,0.002772047726914,0.0021322565532912,1.575471165343788,6.11666666666667,10525347.0,20038.4163180257,0.343988589646794,25.9,Europe and Central Asia
2015,Czechia,CZE,11.9,19.0,0.0416104430681112,0.0750139784208865,0.0026550938311578,0.001614209341605,0.5739476892146904,5.05833333333333,10546059.0,17931.5987670768,0.309364548494975,25.9,Europe and Central Asia
2016,Czechia,CZE,11.9,19.0,0.0371569038391255,0.0735564305816813,0.0025248656316396,0.0008901452190054,0.4271085168794761,3.96666666666667,10566332.0,18753.9686718096,0.683504209385703,25.4,Europe and Central Asia
2017,Czechia,CZE,11.7,19.0,0.0380888004349586,0.0729735271493842,0.0021433216252869,0.0009929828951311,0.9803624893823638,2.90833333333333,10594438.0,20913.197632212,2.4505339846014,24.9,Europe and Central Asia
2018,Czechia,CZE,11.4,19.0,0.043325389858199,0.0740364876338007,0.0017624908848485,0.0027197986476064,1.981123419484392,2.26666666666667,10629928.0,23705.9329811299,2.14949494949493,25.0,Europe and Central Asia
2003,Finland,FIN,74.5,29.0,0.0628880657025741,0.0641536048090508,0.0028342802905467,0.0026497225041855,4.135,9.00833333333333,5213014.0,32920.0857192568,0.877440386254785,27.7,Europe and Central Asia
2004,Finland,FIN,73.5,29.0,0.062183052897486,0.0647847751998527,0.0027466124063725,0.0026332201510636,4.10916666666667,8.825,5228172.0,37768.1334202029,0.187120559084418,27.9,Europe and Central Asia
2005,Finland,FIN,72.699997,26.0,0.0610204899614959,0.0665893384183721,0.0026538568982059,0.0024473783294668,3.35083333333333,8.4,5246096.0,39049.8703780223,0.623874450025191,27.6,Europe and Central Asia
2006,Finland,FIN,71.900002,26.0,0.0596837921798435,0.0667009909696225,0.0025396127524426,0.0023949878804357,3.7825,7.71666666666667,5266268.0,41214.0187765069,1.56666380704386,28.0,Europe and Central Asia
2007,Finland,FIN,71.099998,26.0,0.0576769896129032,0.064648052218819,0.0023040858766485,0.0024003122009633,4.29333333333333,6.86666666666667,5288720.0,48473.0240091455,2.5106656524034,28.3,Europe and Central Asia
2008,Finland,FIN,69.900002,26.0,0.0582127431751375,0.066995104322713,0.0022033121753589,0.0024452646805969,4.29,6.36666666666667,5313399.0,53769.4726240385,4.06595355358379,27.8,Europe and Central Asia
2009,Finland,FIN,72.5,26.0,0.0648086499573554,0.0740693867444355,0.0026522133876248,0.0026357058354197,3.73833333333333,8.36666666666667,5338871.0,47478.3495310999,-9.17360384430342e-07,27.5,Europe and Central Asia
2010,Finland,FIN,71.400002,26.0,0.0653850446725182,0.0732831243655243,0.0028169463238851,0.0026149765874556,3.01083333333333,8.54166666666666,5363352.0,46506.2919016566,1.18413523154646,27.7,Europe and Central Asia
2011,Finland,FIN,69.599998,26.0,0.0643494978624374,0.0737547747337536,0.0027927449343553,0.0025195416255597,3.00583333333333,7.96666666666667,5388272.0,51060.3242589767,3.41680754255211,27.6,Europe and Central Asia
2012,Finland,FIN,69.199997,24.5,0.0642186267953567,0.0773637824511672,0.0030242841030452,0.0025601612951521,1.88333333333333,7.80833333333334,5413971.0,47551.6740841369,2.80833622561574,27.1,Europe and Central Asia
2013,Finland,FIN,67.5,24.5,0.0638977478783476,0.0786006673317058,0.0032924318294618,0.0025356639164213,1.86083333333333,8.3,5438972.0,49691.0145200739,1.4782861568881,27.2,Europe and Central Asia
2014,Finland,FIN,67.800003,20.0,0.0637196084622661,0.078516431468751,0.0036044788807655,0.0024871875834931,1.44833333333333,8.75,5461512.0,50073.7760815871,1.04119621178439,26.8,Europe and Central Asia
2015,Finland,FIN,67.5,20.0,0.0636275405343685,0.0729666209941386,0.0043674354875542,0.0023978077186572,0.723333333333334,9.45833333333334,5479531.0,42560.3456767103,-0.207928839905268,27.1,Europe and Central Asia
2016,Finland,FIN,65.699997,20.0,0.0624336514971019,0.07220107826458,0.0050065595201121,0.0022946731133847,0.365,8.91666666666667,5495303.0,43451.2562442158,0.356684500891695,27.1,Europe and Central Asia
2017,Finland,FIN,62.900002,20.0,0.0581114878997451,0.0706300677329496,0.0056206776855091,0.0021094229793597,0.546666666666667,8.76666666666667,5508214.0,46085.0174739036,0.754015047084346,27.4,Europe and Central Asia
2018,Finland,FIN,60.0,20.0,0.0575623638990093,0.0714775446842445,0.0064207326275844,0.002052564627757,0.661666666666667,7.43333333333334,5515525.0,49654.2497035329,1.08382098409305,27.3,Europe and Central Asia
2019,Finland,FIN,58.799999,20.0,0.0585238849898111,0.0720909952288704,0.0062511005458706,0.002008234179391,0.07,6.74166666666667,5521606.0,48358.1807773701,1.02409392963431,27.7,Europe and Central Asia
