Country,TIME_PERIOD,IRLT,UNEMP
AUS,2000,6.31456933441667,6.28554620833333
AUS,2001,5.61526432833333,6.74217304166667
AUS,2002,5.84395771116667,6.36891133333333
AUS,2003,5.36677549766667,5.92842029166667
AUS,2004,5.5907745075,5.39673355
AUS,2005,5.33997311391667,5.03388074166667
AUS,2006,5.58787224425,4.785239725
AUS,2007,5.99452083733333,4.37915150833333
AUS,2008,5.81794393966667,4.23432970833333
AUS,2009,5.03951184208334,5.56038543333333
AUS,2010,5.36604166666667,5.21334044166667
AUS,2011,4.87958333333333,5.08119518333333
AUS,2012,3.37916666666667,5.22337585833333
AUS,2013,3.72304166666667,5.6619398
AUS,2014,3.66383333333333,6.07724431666667
AUS,2015,2.7204999999999995,6.05642340833333
AUS,2016,2.34083333333333,5.714148675
AUS,2017,2.6412500000000008,5.606331333333334
AUS,2018,2.681666666666666,5.308814958333333
AUS,2019,1.497083333333333,5.164947325
AUS,2020,0.9201666666666664,6.442963916666666
AUS,2021,1.47975,5.140222525
AUS,2022,3.1965000000000003,3.724859033333333
AUS,2023,3.942166666666667,3.687518966666667
AUS,2024,4.2097500000000005,4.016832174999999
AUT,2000,5.5554,3.93333333333333
AUT,2001,5.08016666666667,3.98333333333333
AUT,2002,4.9638,4.38333333333333
AUT,2003,4.14086666666667,4.75833333333333
AUT,2004,4.13089166666667,5.89166666666667
AUT,2005,3.39373333333333,6.03333333333333
AUT,2006,3.80084166666667,5.64166666666667
AUT,2007,4.29708333333333,5.21666666666667
AUT,2008,4.358525,4.44166666666667
AUT,2009,3.93763333333333,5.66666666666667
AUT,2010,3.22638333333333,5.19166666666667
AUT,2011,3.31965833333333,4.9
AUT,2012,2.371175,5.19166666666667
AUT,2013,2.01075833333333,5.725
AUT,2014,1.48729166666667,6.03333333333333
AUT,2015,0.747041666666667,6.15
AUT,2016,0.375383333333333,6.45
AUT,2017,0.583283333333333,5.925
AUT,2018,0.686158333333333,5.20833333333333
AUT,2019,0.0629333333333334,4.84166666666667
AUT,2020,-0.22485,6.025
AUT,2021,-0.0853833333333334,6.2
AUT,2022,1.71115,4.75833333333333
AUT,2023,3.0826750000000005,5.1083333333333325
AUT,2024,2.842708333333333,5.175
BEL,2000,5.5925,6.875
BEL,2001,5.13083333333333,6.59166666666667
BEL,2002,4.98666666666667,7.525
BEL,2003,4.18083333333333,8.175
BEL,2004,4.1525,8.39166666666667
BEL,2005,3.42833333333333,8.43333333333333
BEL,2006,3.815,8.25
BEL,2007,4.32833333333333,7.48333333333333
BEL,2008,4.4175,6.975
BEL,2009,3.90166666666667,7.99166666666667
BEL,2010,3.4625,8.375
BEL,2011,4.23333333333333,7.21666666666667
BEL,2012,3.0,7.63333333333333
BEL,2013,2.41,8.55
BEL,2014,1.71333333333333,8.65
BEL,2015,0.84,8.65
BEL,2016,0.475833333333333,7.85
BEL,2017,0.7225,7.1
BEL,2018,0.795,5.95833333333333
BEL,2019,0.193333333333333,5.36666666666667
BEL,2020,-0.148333333333333,5.54166666666667
BEL,2021,-0.0141666666666667,6.275
BEL,2022,1.73333333333333,5.575
BEL,2023,3.08916666666667,5.524999999999999
BEL,2024,2.9249999999999994,5.7
BRA,2000,10.75,
BRA,2001,9.5,
BRA,2002,9.875,
BRA,2003,11.5,
BRA,2004,9.8125,
BRA,2005,9.75,
BRA,2006,7.875,
BRA,2007,6.375,
BRA,2008,6.25,
BRA,2009,6.125,
BRA,2010,6.0,
BRA,2011,6.0,
BRA,2012,5.75,
BRA,2013,5.0,
BRA,2014,5.0,
BRA,2015,6.25,
BRA,2016,7.5,
BRA,2017,7.125,
BRA,2018,6.7225,
BRA,2019,6.2025,
BRA,2020,4.8725,
BRA,2021,4.8,
BRA,2022,6.7775,
BRA,2023,7.05,
BRA,2024,6.885000000000001,
CAN,2000,5.92541187165873,6.81666666666667
CAN,2001,5.48027224310777,7.21666666666667
CAN,2002,5.2909071067821065,7.675
CAN,2003,4.810544562162985,7.575
CAN,2004,4.579606758579584,7.19166666666667
CAN,2005,4.066929292929292,6.75833333333333
CAN,2006,4.207759697332923,6.46666666666667
CAN,2007,4.26976742993848,6.16666666666667
CAN,2008,3.605302394243184,6.29166666666667
CAN,2009,3.230618895724159,8.45
CAN,2010,3.2351399665996348,8.175
CAN,2011,2.7830361208521954,7.641666666666666
CAN,2012,1.8734101256930216,7.416666666666667
CAN,2013,2.2619587605377083,7.166666666666667
CAN,2014,2.230830257461836,7.041666666666666
CAN,2015,1.5216945963393331,7.0
CAN,2016,1.2517575757575763,7.0666666666666655
CAN,2017,1.7836520298605532,6.433333333333334
CAN,2018,2.2779121098200066,5.841666666666668
CAN,2019,1.5887419210906044,5.683333333333334
CAN,2020,0.7531086618060302,9.69166666666667
CAN,2021,1.358811126548255,7.533333333333333
CAN,2022,2.7685795797134483,5.275
CAN,2023,3.360639308250866,5.383333333333334
CAN,2024,3.3398444121667814,6.3500000000000005
CHE,2000,3.92508333333333,
CHE,2001,3.38175,
CHE,2002,3.19891666666667,
CHE,2003,2.65875,
CHE,2004,2.74016666666667,
CHE,2005,2.0955,
CHE,2006,2.51708333333333,
CHE,2007,2.92675,
CHE,2008,2.89683333333333,
CHE,2009,2.20266666666667,
CHE,2010,1.6319166666666665,4.803625370376183
CHE,2011,1.4713333333333332,4.401668394045508
CHE,2012,0.6454166666666666,4.484188237313427
CHE,2013,0.9493333333333333,4.747292142222041
CHE,2014,0.6927500000000001,4.829987515398798
CHE,2015,-0.0686666666666666,4.800638596252196
CHE,2016,-0.362,4.9191804927589455
CHE,2017,-0.0720833333333333,4.797587531576728
CHE,2018,0.0331666666666667,4.714413963724699
CHE,2019,-0.489,4.394451842306626
CHE,2020,-0.523833333333333,4.815327954899376
CHE,2021,-0.23225,5.015058236729323
CHE,2022,0.8288333333333333,4.123311167521486
CHE,2023,1.0304999999999995,4.0431936571223694
CHE,2024,0.5693333333333332,4.340684197576865
CHL,2000,,9.6675
CHL,2001,,9.8525
CHL,2002,,9.805
CHL,2003,,9.54
CHL,2004,,10.0075
CHL,2005,6.006973103621354,9.235
CHL,2006,6.16,7.8
CHL,2007,6.082870088930899,7.13
CHL,2008,6.94509272517411,7.7925
CHL,2009,5.665295275370866,9.675
CHL,2010,6.252874114851377,8.15
CHL,2011,5.969644615918043,7.125
CHL,2012,5.425570541562935,6.545560819096639
CHL,2013,5.308737146188217,6.082219565888405
CHL,2014,4.736615266979671,6.495095701153517
CHL,2015,4.480221464463689,6.328376849984235
CHL,2016,4.405276824440056,6.684912976319645
CHL,2017,4.244958345179341,6.96517462475981
CHL,2018,4.497857280023847,7.376638976559269
CHL,2019,3.577886623333134,7.222639574181943
CHL,2020,2.798563146341232,10.77024455383019
CHL,2021,4.361590093668093,8.861450621078715
CHL,2022,6.260022348838503,7.878028038869055
CHL,2023,5.655799479799437,8.681177834205096
CHL,2024,5.78893759968102,8.462000255549642
CHN,2014,4.10411666666667,
CHN,2015,3.33388333333333,
CHN,2016,2.85006666666667,
CHN,2017,3.59166666666667,
CHN,2018,3.57916666666667,
CHN,2019,3.1813,
CHN,2020,2.92443333333333,
CHN,2021,3.00553333333333,
CHN,2022,2.76418333333333,
CHN,2023,2.715,
CHN,2024,2.181666666666666,
COL,2003,15.188333333333334,
COL,2004,14.34083333333333,
COL,2005,11.555,
COL,2006,9.155833333333332,
COL,2007,10.048333333333334,11.2983333333333
COL,2008,11.8925,11.39
COL,2009,9.469166666666666,12.2158333333333
COL,2010,8.465833333333334,11.9675
COL,2011,8.088333333333333,10.9916666666667
COL,2012,6.8133333333333335,10.505
COL,2013,6.495,9.7425
COL,2014,7.055833333333335,9.205
COL,2015,7.854166666666667,8.95083333333334
COL,2016,7.905833333333334,9.22666666666667
COL,2017,6.771666666666667,9.29583333333333
COL,2018,6.995833333333333,9.52916666666667
COL,2019,6.4975,10.3708333333333
COL,2020,6.33333333333334,15.8641666666667
COL,2021,7.62416666666667,13.810833333333331
COL,2022,11.684166666666668,11.218333333333334
COL,2023,11.339166666666667,10.164166666666668
COL,2024,10.773333333333335,10.165833333333332
CRI,2011,,10.29847593575
CRI,2012,,10.171754124
CRI,2013,,9.3861625635
CRI,2014,9.836666666666664,9.61738513875
CRI,2015,9.63,9.61297364575
CRI,2016,8.334999999999999,9.5378522955
CRI,2017,8.906666666666665,9.07172439475
CRI,2018,9.9625,10.264046309
CRI,2019,10.616666666666664,11.755392085
CRI,2020,8.836666666666666,19.6068848475
CRI,2021,7.933333333333333,16.43337201
CRI,2022,8.018333333333333,12.2188307875
CRI,2023,8.106666666666666,8.89087364125
CRI,2024,6.521666666666667,7.45244371175
CZE,2000,,8.775
CZE,2001,6.314695188573727,8.125
CZE,2002,4.876591212844031,7.29166666666667
CZE,2003,4.11529776602021,7.775
CZE,2004,4.820178636817549,8.29166666666667
CZE,2005,3.5443901623917267,7.94166666666667
CZE,2006,3.7982323134467184,7.13333333333333
CZE,2007,4.302214655339868,5.325
CZE,2008,4.633776640016089,4.40833333333333
CZE,2009,4.837805164334827,6.68333333333333
CZE,2010,3.8854240205895247,7.29166666666667
CZE,2011,3.707122499151676,6.71666666666667
CZE,2012,2.78184081858158,6.975
CZE,2013,2.1118045057111074,6.96666666666667
CZE,2014,1.575471165343788,6.11666666666667
CZE,2015,0.5739476892146904,5.05833333333333
CZE,2016,0.4271085168794761,3.96666666666667
CZE,2017,0.9803624893823638,2.90833333333333
CZE,2018,1.981123419484392,2.26666666666667
CZE,2019,1.5481160086050405,2.01666666666667
CZE,2020,1.1287859061341934,2.55
CZE,2021,1.903468270004315,2.80833333333333
CZE,2022,4.333533659195987,2.4
CZE,2023,4.43843208064349,2.633333333333333
CZE,2024,3.979914188782703,2.7750000000000004
DEU,2000,5.263958654596528,8.00833333333333
DEU,2001,4.7965932489180405,7.85833333333333
DEU,2002,4.783579595123073,8.68333333333333
DEU,2003,4.071142521983484,9.80833333333333
DEU,2004,4.037155655938266,10.5
DEU,2005,3.354017535604493,11.2833333333333
DEU,2006,3.76412531864906,10.275
DEU,2007,4.216955003518639,8.54166666666667
DEU,2008,3.984768224497344,7.425
DEU,2009,3.2222178304787,7.225
DEU,2010,2.744267378756509,6.575
DEU,2011,2.609184991464167,5.51666666666667
DEU,2012,1.495130210995014,5.08333333333333
DEU,2013,1.5714080060438764,4.95
DEU,2014,1.1634722907400257,4.70833333333333
DEU,2015,0.49519367547657,4.36666666666667
DEU,2016,0.0914991922328878,3.90833333333333
DEU,2017,0.3163361138077956,3.56666666666667
DEU,2018,0.3963639818905164,3.20833333333333
DEU,2019,-0.253634457795785,2.975
DEU,2020,-0.5110240055837881,3.625
DEU,2021,-0.3738211697722568,3.575
DEU,2022,1.1425829849657096,3.06666666666667
DEU,2023,2.4345987059491065,3.025
DEU,2024,2.3210841123449817,3.408333333333333
DNK,2000,5.64183333333333,4.325
DNK,2001,5.07916666666667,4.525
DNK,2002,5.05591666666667,4.58333333333333
DNK,2003,4.30775,5.40833333333333
DNK,2004,4.30458333333333,5.5
DNK,2005,3.40375,4.84166666666667
DNK,2006,3.812,3.90833333333333
DNK,2007,4.28641666666667,3.75
DNK,2008,4.28433333333333,3.68333333333333
DNK,2009,3.58633333333333,6.40833333333333
DNK,2010,2.92608333333333,7.75
DNK,2011,2.72925,7.75833333333333
DNK,2012,1.40341666666667,7.78333333333333
DNK,2013,1.745,7.375
DNK,2014,1.32483333333333,6.925
DNK,2015,0.6905,6.26666666666667
DNK,2016,0.320333333333333,5.98333333333333
DNK,2017,0.476416666666667,5.81666666666667
DNK,2018,0.454833333333333,5.15
DNK,2019,-0.183416666666667,5.025
DNK,2020,-0.35925,5.625
DNK,2021,-0.0608333333333333,5.1083333333333325
DNK,2022,1.47775,4.475
DNK,2023,2.67775,5.1083333333333325
DNK,2024,2.3030833333333334,6.191666666666666
EA19,2000,5.438876984119141,
EA19,2001,5.027295445915677,
EA19,2002,4.922899887267866,
EA19,2003,4.160853548714631,
EA19,2004,4.1407924386559705,
EA19,2005,3.440874557806323,
EA19,2006,3.859515120071054,
EA19,2007,4.331703118842147,
EA19,2008,4.356011773123314,
EA19,2009,4.028616390100684,
EA19,2010,3.7814044859142864,
EA19,2011,4.307952424780864,
EA19,2012,3.047650890144102,
EA19,2013,3.01177587616888,
EA19,2014,2.2813497115547223,
EA19,2015,1.2674750644034245,
EA19,2016,0.92856539253195,
EA19,2017,1.1707339183570469,
EA19,2018,1.264052862661183,
EA19,2019,0.5846146423097723,
EA19,2020,0.2135827584704233,
EA19,2021,0.1997002941246709,
EA19,2022,2.0414499541188214,
EA19,2023,3.26513375494682,
EA19,2024,2.9753045525884274,
EA20,2000,,8.88333333333333
EA20,2001,,8.30833333333333
EA20,2002,,8.6
EA20,2003,,9.175
EA20,2004,,9.43333333333333
EA20,2005,,9.283333333333337
EA20,2006,,8.525
EA20,2007,,7.63333333333333
EA20,2008,,7.683333333333334
EA20,2009,,9.65833333333333
EA20,2010,,10.283333333333331
EA20,2011,,10.291666666666668
EA20,2012,,11.5
EA20,2013,,12.1583333333333
EA20,2014,,11.7333333333333
EA20,2015,,10.983333333333334
EA20,2016,,10.1083333333333
EA20,2017,,9.133333333333333
EA20,2018,,8.23333333333333
EA20,2019,,7.6
EA20,2020,,7.933333333333334
EA20,2021,,7.758333333333334
EA20,2022,,6.758333333333333
EA20,2023,,6.55
EA20,2024,,6.358333333333333
ESP,2000,5.525866059940146,11.9166666666667
ESP,2001,5.115283796805365,10.5583333333333
ESP,2002,4.957641012073991,11.4416666666667
ESP,2003,4.123043584752395,11.4916666666667
ESP,2004,4.1041429449777285,10.9583333333333
ESP,2005,3.386349534945731,9.16666666666667
ESP,2006,3.784310065320305,8.45833333333334
ESP,2007,4.306626640552206,8.225
ESP,2008,4.363732246000475,11.2666666666667
ESP,2009,3.974298244169383,17.8666666666667
ESP,2010,4.250000898780218,19.875
ESP,2011,5.43689422551768,21.4083333333333
ESP,2012,5.846537217412216,24.7916666666667
ESP,2013,4.561962038866931,26.1166666666667
ESP,2014,2.7218310821107443,24.45
ESP,2015,1.7350872800826185,22.075
ESP,2016,1.393302220183199,19.65
ESP,2017,1.5578658308595374,17.2333333333333
ESP,2018,1.4193522684345907,15.2666666666667
ESP,2019,0.661018326902566,14.1083333333333
ESP,2020,0.3794776366145931,15.5333333333333
ESP,2021,0.3487502376246941,14.933333333333335
ESP,2022,2.1985585456146963,13.033333333333331
ESP,2023,3.486507000125477,12.191666666666666
ESP,2024,3.153795531400967,11.358333333333334
EST,2000,,14.4583333333333
EST,2001,,13.0416666666667
EST,2002,,11.3333333333333
EST,2003,,10.35
EST,2004,,10.0833333333333
EST,2005,,7.975
EST,2006,,5.94166666666667
EST,2007,,4.6
EST,2008,,5.51666666666667
EST,2009,,13.475
EST,2010,,16.5833333333333
EST,2011,,12.35
EST,2012,,9.90833333333333
EST,2013,,8.49166666666667
EST,2014,,7.31666666666667
EST,2015,,6.39166666666667
EST,2016,,6.83333333333333
EST,2017,,5.80833333333333
EST,2018,,5.39166666666667
EST,2019,,4.48333333333333
EST,2020,,6.88333333333333
EST,2021,0.0633333333333333,6.20833333333333
EST,2022,2.28583333333333,5.575
EST,2023,3.9008333333333343,6.416666666666667
EST,2024,3.546666666666667,7.608333333333333
EU27_2020,2000,,8.98333333333334
EU27_2020,2001,,8.73333333333333
EU27_2020,2002,,9.05
EU27_2020,2003,,9.85
EU27_2020,2004,,10.0083333333333
EU27_2020,2005,,9.71666666666667
EU27_2020,2006,,8.75833333333333
EU27_2020,2007,,7.55833333333333
EU27_2020,2008,,7.33333333333333
EU27_2020,2009,,9.30833333333333
EU27_2020,2010,,10.0833333333333
EU27_2020,2011,,10.075
EU27_2020,2012,,11.0583333333333
EU27_2020,2013,,11.575
EU27_2020,2014,,11.0
EU27_2020,2015,,10.1833333333333
EU27_2020,2016,,9.266666666666666
EU27_2020,2017,,8.266666666666667
EU27_2020,2018,,7.39166666666667
EU27_2020,2019,,6.80833333333333
EU27_2020,2020,,7.2
EU27_2020,2021,,7.05
EU27_2020,2022,,6.15833333333333
EU27_2020,2023,,6.041666666666667
EU27_2020,2024,,5.933333333333334
FIN,2000,5.4825,9.78333333333333
FIN,2001,5.04333333333333,9.125
FIN,2002,4.98083333333333,9.075
FIN,2003,4.135,9.00833333333333
FIN,2004,4.10916666666667,8.825
FIN,2005,3.35083333333333,8.4
FIN,2006,3.7825,7.71666666666667
FIN,2007,4.29333333333333,6.86666666666667
FIN,2008,4.29,6.36666666666667
FIN,2009,3.73833333333333,8.36666666666667
FIN,2010,3.01083333333333,8.54166666666666
FIN,2011,3.00583333333333,7.96666666666667
FIN,2012,1.88333333333333,7.80833333333334
FIN,2013,1.86083333333333,8.3
FIN,2014,1.44833333333333,8.75
FIN,2015,0.723333333333334,9.45833333333334
FIN,2016,0.365,8.91666666666667
FIN,2017,0.546666666666667,8.76666666666667
FIN,2018,0.661666666666667,7.43333333333334
FIN,2019,0.07,6.74166666666667
FIN,2020,-0.219166666666667,7.725
FIN,2021,-0.09507603675,7.675
FIN,2022,1.65530769533333,6.76666666666667
FIN,2023,3.0375,7.216666666666667
FIN,2024,2.852967731333333,8.383333333333333
FRA,2000,5.394166666666667,9.55833333333334
FRA,2001,4.939166666666666,8.74166666666667
FRA,2002,4.86,8.63333333333333
FRA,2003,4.13,8.508333333333333
FRA,2004,4.098333333333334,8.875
FRA,2005,3.41,8.891666666666666
FRA,2006,3.7966666666666673,8.85
FRA,2007,4.304166666666666,8.025
FRA,2008,4.234166666666666,7.441666666666667
FRA,2009,3.65,9.125
FRA,2010,3.1183333333333336,9.283333333333331
FRA,2011,3.319999999999999,9.2
FRA,2012,2.536666666666667,9.758333333333333
FRA,2013,2.204166666666667,10.3
FRA,2014,1.666666666666667,10.266666666666666
FRA,2015,0.8425000000000001,10.358333333333334
FRA,2016,0.4666666666666666,10.058333333333334
FRA,2017,0.8091666666666667,9.416666666666666
FRA,2018,0.7833333333333333,9.016666666666667
FRA,2019,0.1308333333333333,8.441666666666666
FRA,2020,-0.145,8.03333333333333
FRA,2021,0.0066666666666666,7.875
FRA,2022,1.7008333333333334,7.316666666666667
FRA,2023,2.994166666666666,7.35
FRA,2024,2.9691666666666667,7.391666666666667
G7,2000,,5.698756747654596
G7,2001,,5.898833789980867
G7,2002,,6.481950639385693
G7,2003,,6.645558369484623
G7,2004,,6.399146612972973
G7,2005,,6.222217382963676
G7,2006,,5.823609482284938
G7,2007,,5.426052309732015
G7,2008,,5.849051642273181
G7,2009,,7.975758473092299
G7,2010,,8.13257941647156
G7,2011,,7.627039746769145
G7,2012,,7.359087725092653
G7,2013,,7.086744314361279
G7,2014,,6.369598568770276
G7,2015,,5.790087241895875
G7,2016,,5.4402935554623255
G7,2017,,4.970182921673441
G7,2018,,4.527357679163505
G7,2019,,4.263571981120257
G7,2020,,6.469186206507533
G7,2021,,5.210286529632819
G7,2022,,4.072070117198641
G7,2023,,4.066332903474616
G7,2024,,4.272447276786153
GBR,2000,5.328975,5.45
GBR,2001,4.9295,5.075
GBR,2002,4.89424166666667,5.175
GBR,2003,4.52659166666667,5.025
GBR,2004,4.88226666666667,4.75
GBR,2005,4.41389166666667,4.8
GBR,2006,4.501675,5.425
GBR,2007,5.011275,5.325
GBR,2008,4.590725,5.7
GBR,2009,3.64751666666667,7.625
GBR,2010,3.624425,7.875
GBR,2011,3.13599166666667,8.125
GBR,2012,1.91804166666667,7.975
GBR,2013,2.38978333333333,7.6
GBR,2014,2.56908333333333,6.175
GBR,2015,1.90103333333333,5.35
GBR,2016,1.30520833333333,4.9
GBR,2017,1.23580833333333,4.425
GBR,2018,1.46065833333333,4.1
GBR,2019,0.935825,3.825
GBR,2020,0.374441666666667,4.6
GBR,2021,0.787608333333334,4.55
GBR,2022,2.44729166666667,3.8
GBR,2023,4.0583,4.05
GBR,2024,4.144241666666667,4.275
GRC,2000,6.105833333333333,11.2333333333333
GRC,2001,5.30416666666667,10.675
GRC,2002,5.121666666666666,10.3333333333333
GRC,2003,4.2675,9.74166666666667
GRC,2004,4.255833333333333,10.6083333333333
GRC,2005,3.585,10.0083333333333
GRC,2006,4.07,9.03333333333333
GRC,2007,4.5,8.41666666666666
GRC,2008,4.802499999999999,7.76666666666667
GRC,2009,5.174166666666666,9.75
GRC,2010,9.09166666666667,12.9583333333333
GRC,2011,15.7491666666667,18.0916666666667
GRC,2012,22.4975,24.8083333333333
GRC,2013,10.0541666666667,27.825
GRC,2014,6.92916666666667,26.65
GRC,2015,9.666363636363638,24.9833333333333
GRC,2016,8.36,23.875
GRC,2017,5.97833333333333,21.8416666666667
GRC,2018,4.185,19.7416666666667
GRC,2019,2.58583333333333,17.8833333333333
GRC,2020,1.27166666666667,17.6166666666667
GRC,2021,0.8841666666666669,14.7916666666667
GRC,2022,3.48666666666667,12.4583333333333
GRC,2023,4.001666666666667,11.083333333333332
GRC,2024,3.349999999999999,10.116666666666667
HRV,2000,,15.591666666666663
HRV,2001,,16.0
HRV,2002,,15.291666666666664
HRV,2003,,14.075
HRV,2004,,13.858333333333334
HRV,2005,,13.024999999999997
HRV,2006,4.43,11.658333333333331
HRV,2007,4.93333333333333,9.933333333333332
HRV,2008,6.04166666666667,8.583333333333334
HRV,2009,7.8325,9.291666666666666
HRV,2010,6.265,11.75
HRV,2011,6.53916666666667,13.666666666666666
HRV,2012,6.12916666666667,15.883333333333333
HRV,2013,4.68083333333333,17.425
HRV,2014,4.05083333333333,17.200000000000003
HRV,2015,3.52666666666667,16.091666666666665
HRV,2016,3.475,13.275
HRV,2017,2.7675,10.941666666666668
HRV,2018,2.1725,8.300000000000002
HRV,2019,1.2875,6.566666666666666
HRV,2020,0.833333333333334,7.649999999999999
HRV,2021,0.4475,7.5
HRV,2022,2.69583333333333,6.7250000000000005
HRV,2023,3.795833333333334,6.066666666666666
HRV,2024,3.31,5.008333333333334
HUN,2000,8.55,6.26666666666667
HUN,2001,7.945,5.575
HUN,2002,7.08583333333333,5.58333333333333
HUN,2003,6.77333333333333,5.74166666666667
HUN,2004,8.29166666666666,6.06666666666667
HUN,2005,6.59833333333333,7.175
HUN,2006,7.11583333333333,7.45833333333333
HUN,2007,6.74416666666667,7.39166666666667
HUN,2008,8.23833333333333,7.8
HUN,2009,9.12333333333333,9.675
HUN,2010,7.28166666666667,10.8
HUN,2011,7.63540873,10.6583333333333
HUN,2012,7.89083333333333,10.5833333333333
HUN,2013,5.92333333333333,9.63333333333333
HUN,2014,4.80916666666667,7.45833333333333
HUN,2015,3.4325,6.51666666666667
HUN,2016,3.14333333333333,4.88333333333333
HUN,2017,2.9625,4.05
HUN,2018,3.05833333333333,3.4916666666666663
HUN,2019,2.465,3.2583333333333333
HUN,2020,2.225,4.125
HUN,2021,3.06083333333333,4.05
HUN,2022,7.57083333333333,3.6666666666666665
HUN,2023,7.512500000000002,4.083333333333333
HUN,2024,6.500833333333333,4.391666666666667
IDN,2012,5.79583333333333,
IDN,2013,6.9875,
IDN,2014,8.13166666666667,
IDN,2015,8.22166666666666,
IDN,2016,7.63833333333333,
IDN,2017,6.87833333333333,
IDN,2018,7.4575,
IDN,2019,7.4653,
IDN,2020,6.90489558333333,
IDN,2021,6.36295066666667,
IDN,2022,6.9726535,
IDN,2023,6.599999999999999,
IDN,2024,6.793333333333333,
IND,2012,8.26,
IND,2013,8.109166666666665,
IND,2014,8.586666666666666,
IND,2015,7.776666666666667,
IND,2016,7.205000000000001,
IND,2017,6.922499999999999,
IND,2018,7.704166666666667,
IND,2019,6.996666666666666,
IND,2020,6.191666666666666,
IND,2021,6.2575,
IND,2022,7.191666666666666,
IND,2023,7.218333333333331,
IND,2024,6.976666666666667,
IRL,2000,5.512499999999999,4.4
IRL,2001,5.011666666666667,4.175
IRL,2002,5.010000000000001,4.725
IRL,2003,4.132499999999999,4.85
IRL,2004,4.076666666666666,4.74166666666667
IRL,2005,3.329166666666666,4.63333333333333
IRL,2006,3.765,4.79166666666667
IRL,2007,4.305833333333334,5.0
IRL,2008,4.525833333333333,6.79166666666667
IRL,2009,5.2250000000000005,12.6583333333333
IRL,2010,5.739166666666667,14.575
IRL,2011,9.601666666666668,15.4083333333333
IRL,2012,6.171666666666667,15.4833333333333
IRL,2013,3.79,13.775
IRL,2014,2.3675,11.8833333333333
IRL,2015,1.1825,9.925
IRL,2016,0.7358333333333333,8.40833333333333
IRL,2017,0.8016666666666667,6.749999999999999
IRL,2018,0.9518416666666668,5.8
IRL,2019,0.3310583333333333,5.008333333333333
IRL,2020,-0.0610416666666666,5.858333333333333
IRL,2021,0.0631583333333333,6.258333333333333
IRL,2022,1.74561666666667,4.466666666666667
IRL,2023,2.866616666666667,4.308333333333334
IRL,2024,2.717583333333333,4.291666666666667
ISL,2000,5.30333333333333,
ISL,2001,5.26083333333333,
ISL,2002,5.23183333333333,
ISL,2003,4.40614166666667,3.591666666666667
ISL,2004,3.825,3.35
ISL,2005,3.70416666666667,2.9
ISL,2006,4.381775,3.208333333333334
ISL,2007,4.96211657,2.4916666666666667
ISL,2008,4.300186665,3.3916666666666666
ISL,2009,4.29942858583333,8.208333333333332
ISL,2010,3.49333333333333,8.591666666666667
ISL,2011,2.94666666666667,7.925
ISL,2012,2.27666666666667,6.841666666666667
ISL,2013,2.55166666666667,6.1
ISL,2014,3.20166666666667,5.508333333333334
ISL,2015,2.66083333333333,4.591666666666667
ISL,2016,2.77583333333333,3.441666666666667
ISL,2017,2.21583333333333,3.2833333333333337
ISL,2018,1.8425,3.1333333333333333
ISL,2019,1.08583333333333,3.9
ISL,2020,0.340833333333333,6.25
ISL,2021,0.778333333333333,5.85
ISL,2022,,3.575
ISL,2023,,3.3666666666666667
ISL,2024,,3.3583333333333334
ISR,2000,5.47583333333333,8.77060564775
ISR,2001,6.42648025,9.34813389125
ISR,2002,9.23308741666667,10.29843927275
ISR,2003,8.88428383333333,10.71265731925
ISR,2004,7.56166666666667,10.367712869
ISR,2005,6.36166666666667,8.9899031995
ISR,2006,6.31416666666667,8.40383747675
ISR,2007,5.55416666666667,7.31855804075
ISR,2008,5.92333333333333,6.0991404415
ISR,2009,5.06333333333333,7.5440865165
ISR,2010,4.68416666666667,6.63659478425
ISR,2011,4.98,5.6023763075
ISR,2012,4.39916666666667,6.85
ISR,2013,3.79583333333333,6.20833333333333
ISR,2014,2.88583333333333,5.90833333333333
ISR,2015,2.07,5.24166666666667
ISR,2016,1.87916666666667,4.80833333333333
ISR,2017,1.90916666666667,4.21666666666667
ISR,2018,1.99416666666667,4.0
ISR,2019,1.46833333333333,3.8
ISR,2020,0.7775,4.325
ISR,2021,1.11666666666667,4.95833333333333
ISR,2022,2.61916666666667,3.76666666666667
ISR,2023,3.868083333333333,3.4166666666666665
ISR,2024,4.676666666666667,2.9666666666666663
ITA,2000,5.575166666666667,10.05
ITA,2001,5.18875,9.00833333333333
ITA,2002,5.0343333333333335,8.475
ITA,2003,4.248083333333334,8.43333333333333
ITA,2004,4.2588333333333335,8.05
ITA,2005,3.55525,7.78333333333333
ITA,2006,4.0464166666666666,6.86666666666667
ITA,2007,4.48725,6.15
ITA,2008,4.681333333333334,6.775
ITA,2009,4.311166666666666,7.875
ITA,2010,4.035833333333333,8.54166666666667
ITA,2011,5.422833333333334,8.50833333333333
ITA,2012,5.492750000000001,10.8833333333333
ITA,2013,4.316416666666665,12.3666666666667
ITA,2014,2.893166666666666,12.825
ITA,2015,1.7139166666666668,12.0
ITA,2016,1.4863333333333333,11.75
ITA,2017,2.113,11.2583333333333
ITA,2018,2.6103333333333336,10.6
ITA,2019,1.9515,9.93333333333333
ITA,2020,1.1681666666666666,9.3
ITA,2021,0.8109166666666668,9.55833333333333
ITA,2022,3.15675,8.075
ITA,2023,4.28325,7.666666666666667
ITA,2024,3.7074166666666666,6.516666666666667
JPN,2000,1.74441666666667,4.71666666666667
JPN,2001,1.319,5.03333333333333
JPN,2002,1.26316666666667,5.375
JPN,2003,1.00325,5.25833333333333
JPN,2004,1.49266666666667,4.71666666666667
JPN,2005,1.35475,4.425
JPN,2006,1.7405,4.14166666666667
JPN,2007,1.6655,3.84166666666667
JPN,2008,1.46733333333333,3.99166666666667
JPN,2009,1.33375,5.06666666666667
JPN,2010,1.14833333333333,5.05
JPN,2011,1.10241666666667,4.58333333333333
JPN,2012,0.835583333333333,4.35
JPN,2013,0.689666666666667,4.025
JPN,2014,0.520333333333333,3.59166666666667
JPN,2015,0.35,3.375
JPN,2016,-0.06625,3.11666666666667
JPN,2017,0.0516666666666667,2.80833333333333
JPN,2018,0.065,2.44166666666667
JPN,2019,-0.110416666666667,2.35
JPN,2020,-0.0054166666666666,2.775
JPN,2021,0.0716666666666667,2.81666666666667
JPN,2022,0.231666666666667,2.6
JPN,2023,0.5625000000000001,2.566666666666667
JPN,2024,0.9183333333333334,2.5500000000000003
KOR,2000,,4.425
KOR,2001,6.855,4.0
KOR,2002,6.58666666666667,3.25833333333333
KOR,2003,5.04833333333333,3.55
KOR,2004,4.72833333333333,3.65833333333333
KOR,2005,4.95,3.75
KOR,2006,5.15166666666667,3.475
KOR,2007,5.35083333333333,3.25833333333333
KOR,2008,5.56833333333333,3.175
KOR,2009,5.16583333333333,3.63333333333333
KOR,2010,4.77333333333333,3.70833333333333
KOR,2011,4.2025,3.40833333333333
KOR,2012,3.4475,3.225
KOR,2013,3.27808333333333,3.1
KOR,2014,3.18633333333333,3.49166666666667
KOR,2015,2.30575,3.59166666666667
KOR,2016,1.74741666666667,3.675
KOR,2017,2.28258333333333,3.68333333333333
KOR,2018,2.50275,3.83333333333333
KOR,2019,1.70225,3.78333333333333
KOR,2020,1.49966666666667,3.94166666666667
KOR,2021,2.0645,3.675
KOR,2022,3.3635,2.88333333333333
KOR,2023,3.642333333333333,2.708333333333333
KOR,2024,3.21925,2.8000000000000003
LTU,2000,,16.4416666666667
LTU,2001,8.15225,17.4166666666667
LTU,2002,6.06325,13.775
LTU,2003,5.32033333333333,12.4333333333333
LTU,2004,4.50258333333333,10.8916666666667
LTU,2005,3.69741666666667,8.31666666666667
LTU,2006,4.07866666666667,5.79166666666667
LTU,2007,4.54475,4.25833333333333
LTU,2008,5.60775,5.825
LTU,2009,14.0044166666667,13.8
LTU,2010,5.56666666666667,17.8416666666667
LTU,2011,5.16,15.3916666666667
LTU,2012,4.83083333333333,13.4083333333333
LTU,2013,3.83166666666667,11.8
LTU,2014,2.7925,10.725
LTU,2015,1.38083333333333,9.13333333333334
LTU,2016,0.898333333333333,7.9
LTU,2017,0.31,7.11666666666666
LTU,2018,0.31,6.18333333333333
LTU,2019,0.31,6.28333333333333
LTU,2020,0.223333333333333,8.51666666666667
LTU,2021,0.16,7.141666666666666
LTU,2022,0.613333333333333,5.95
LTU,2023,2.8800000000000003,6.875
LTU,2024,2.8800000000000003,7.133333333333334
LUX,2000,5.51816666666667,2.23333333333333
LUX,2001,4.859,1.9
LUX,2002,4.70316666666667,2.55833333333333
LUX,2003,3.316,3.80833333333333
LUX,2004,2.84341666666667,4.95
LUX,2005,2.412666666666667,4.65
LUX,2006,3.30366666666667,4.575
LUX,2007,4.46108333333333,4.16666666666667
LUX,2008,4.60816666666667,4.91666666666667
LUX,2009,4.22875,5.11666666666667
LUX,2010,3.16916666666667,4.58333333333333
LUX,2011,2.92333333333333,4.83333333333333
LUX,2012,1.821,5.06666666666667
LUX,2013,1.85091666666667,5.875
LUX,2014,1.3368333333333335,6.05
LUX,2015,0.36875,6.45833333333333
LUX,2016,0.25425,6.33333333333333
LUX,2017,0.544833333333333,5.61666666666667
LUX,2018,0.564666666666667,5.5
LUX,2019,-0.120583333333333,5.59166666666667
LUX,2020,-0.413583333333333,6.69166666666667
LUX,2021,-0.356583333333333,5.425
LUX,2022,1.7275,4.6
LUX,2023,2.9665,5.216666666666668
LUX,2024,2.7639166666666664,6.208333333333333
LVA,2000,,14.3416666666667
LVA,2001,7.57333333333333,13.475
LVA,2002,5.40833333333333,12.4916666666667
LVA,2003,4.90083333333333,11.6416666666667
LVA,2004,4.8575,11.7416666666667
LVA,2005,3.875,10.0416666666667
LVA,2006,4.13333333333333,7.03333333333333
LVA,2007,5.2825,6.075
LVA,2008,6.43166666666667,7.75
LVA,2009,12.3575,17.55
LVA,2010,10.3375,19.475
LVA,2011,5.9075,16.2083333333333
LVA,2012,4.565,15.0416666666667
LVA,2013,3.34,11.8583333333333
LVA,2014,2.50833333333333,10.8416666666667
LVA,2015,0.963333333333334,9.875
LVA,2016,0.534166666666667,9.63333333333333
LVA,2017,0.834166666666666,8.70833333333334
LVA,2018,0.9025,7.4
LVA,2019,0.3425,6.31666666666667
LVA,2020,-0.0625,8.09166666666667
LVA,2021,-0.0025,7.575
LVA,2022,2.2725,6.858333333333333
LVA,2023,3.828333333333333,6.508333333333333
LVA,2024,3.2875,6.925
MEX,2000,,2.50583333333333
MEX,2001,,2.75666666666667
MEX,2002,10.125,2.97833333333333
MEX,2003,8.98166666666667,3.40583333333333
MEX,2004,9.53833333333334,3.91583333333333
MEX,2005,9.4175,3.59578537833333
MEX,2006,8.38833333333334,3.5967434775
MEX,2007,,3.7216039175
MEX,2008,,3.97465474583333
MEX,2009,,5.47906766
MEX,2010,,5.38087571416667
MEX,2011,,5.23357277083333
MEX,2012,,4.95276899333333
MEX,2013,,4.92946614916667
MEX,2014,,4.82895774916667
MEX,2015,,4.35294290916667
MEX,2016,,3.88135597083333
MEX,2017,,3.41904586166667
MEX,2018,,3.320195495
MEX,2019,,3.49046186
MEX,2020,,4.43163393916667
MEX,2021,,4.13862064333333
MEX,2022,,3.27377120166667
MEX,2023,,2.796141005
MEX,2024,,2.671272651666667
NLD,2000,5.403333333333332,3.66666666666667
NLD,2001,4.957,3.075
NLD,2002,4.890249999999999,3.66666666666667
NLD,2003,4.123166666666666,5.90833333333333
NLD,2004,4.095,6.775
NLD,2005,3.373916666666668,6.95833333333333
NLD,2006,3.7816666666666663,6.08333333333333
NLD,2007,4.28775,5.30833333333333
NLD,2008,4.22775,4.75833333333333
NLD,2009,3.686833333333334,5.425
NLD,2010,2.990083333333333,6.06666666666667
NLD,2011,2.988583333333333,6.05
NLD,2012,1.93225,6.81666666666667
NLD,2013,1.9605833333333331,8.19166666666667
NLD,2014,1.45466666666667,8.35
NLD,2015,0.6903333333333332,7.89166666666667
NLD,2016,0.2910833333333333,7.0
NLD,2017,0.522083333333333,5.875
NLD,2018,0.576916666666667,4.86666666666667
NLD,2019,-0.0701666666666666,4.43333333333333
NLD,2020,-0.376833333333333,4.85
NLD,2021,-0.328083333333333,4.225
NLD,2022,1.37766666666667,3.54166666666667
NLD,2023,2.792,3.5416666666666665
NLD,2024,2.6205000000000003,3.6666666666666665
NOR,2000,6.21833333333333,3.24166666666667
NOR,2001,6.23666666666667,3.40833333333333
NOR,2002,6.38416666666667,3.66666666666667
NOR,2003,5.045,4.20833333333333
NOR,2004,4.36833333333333,4.275
NOR,2005,3.74583333333333,4.525
NOR,2006,4.07666666666667,3.6
NOR,2007,4.77416666666667,2.71666666666667
NOR,2008,4.45833333333333,2.93333333333333
NOR,2009,3.99833333333333,3.45833333333333
NOR,2010,3.52833333333333,3.95833333333333
NOR,2011,3.135,3.56666666666667
NOR,2012,2.10166666666667,3.48333333333333
NOR,2013,2.5775,3.93333333333333
NOR,2014,2.515,3.775
NOR,2015,1.565,4.69166666666667
NOR,2016,1.33166666666667,4.90833333333333
NOR,2017,1.6375,4.36666666666667
NOR,2018,1.87916666666667,3.99166666666667
NOR,2019,1.49416666666667,3.875
NOR,2020,0.8175,4.75
NOR,2021,1.41587037037037,4.45833333333333
NOR,2022,2.8784130291005288,3.23333333333333
NOR,2023,3.439586102092354,3.583333333333333
NOR,2024,3.559381203599139,4.025
NZL,2000,6.8525,6.15
NZL,2001,6.39333333333334,5.45
NZL,2002,6.5275,5.3
NZL,2003,5.86666666666667,4.775
NZL,2004,6.06583333333333,4.025
NZL,2005,5.875,3.825
NZL,2006,5.78083333333333,3.85
NZL,2007,6.265,3.575
NZL,2008,6.08083333333333,4.025
NZL,2009,5.45666666666667,5.875
NZL,2010,5.60333333333333,6.225
NZL,2011,4.945,6.025
NZL,2012,3.685,6.475
NZL,2013,4.09333333333333,5.85
NZL,2014,4.30416666666667,5.425
NZL,2015,3.42333333333333,5.4
NZL,2016,2.76166666666667,5.125
NZL,2017,2.99083333333333,4.725
NZL,2018,2.75416666666667,4.325
NZL,2019,1.64916666666667,4.1
NZL,2020,0.890833333333333,4.6
NZL,2021,1.815,3.8
NZL,2022,3.63916666666667,3.275
NZL,2023,4.6241666666666665,3.7
NZL,2024,4.5625,4.725
OECD,2005,,6.863668352806746
OECD,2006,,6.35315996297968
OECD,2007,,5.858506168204658
OECD,2008,,6.188177412853693
OECD,2009,,8.313581752422861
OECD,2010,,8.53517554931618
OECD,2011,,8.127051033789398
OECD,2012,,8.108548828585413
OECD,2013,,8.015203483639974
OECD,2014,,7.4554950694323265
OECD,2015,,6.889600826503634
OECD,2016,,6.470901486432599
OECD,2017,,5.941404139423396
OECD,2018,,5.491903956689396
OECD,2019,,5.414475253443722
OECD,2020,,7.158877782773949
OECD,2021,,6.170550595716091
OECD,2022,,5.012082567781805
OECD,2023,,4.843585906096113
OECD,2024,,4.920364956250535
POL,2000,,16.075
POL,2001,10.6816666666667,18.3083333333333
POL,2002,7.35583333333333,20.0333333333333
POL,2003,5.7775,19.75
POL,2004,6.89666666666667,19.1416666666667
POL,2005,5.21833333333333,17.925
POL,2006,5.23166666666667,13.9666666666667
POL,2007,5.48433333333333,9.60833333333334
POL,2008,6.07166666666667,7.04166666666667
POL,2009,6.12059848483333,8.125
POL,2010,5.78166666666667,9.98333333333333
POL,2011,5.95558333333333,9.95
POL,2012,4.99928333333333,10.3916666666667
POL,2013,4.03329166666667,10.6083333333333
POL,2014,3.51621117375,9.20833333333334
POL,2015,2.70055645741667,7.68333333333333
POL,2016,3.03568922308333,6.28333333333333
POL,2017,3.42,4.95833333333333
POL,2018,3.19833333333333,3.9
POL,2019,2.3475,3.2333333333333334
POL,2020,1.49916666666667,3.1416666666666666
POL,2021,1.94416666666667,3.3833333333333333
POL,2022,6.05333333333333,2.8833333333333333
POL,2023,5.805833333333333,2.816666666666667
POL,2024,5.525000000000001,2.9
PRT,2000,5.595,5.26666666666667
PRT,2001,5.15833333333333,5.375
PRT,2002,5.00583333333333,6.46666666666667
PRT,2003,4.17833333333333,7.80833333333333
PRT,2004,4.14333333333333,8.16666666666666
PRT,2005,3.4375,9.23333333333334
PRT,2006,3.915,9.3
PRT,2007,4.42333333333333,9.58333333333333
PRT,2008,4.52,9.24166666666667
PRT,2009,4.21083333333333,11.225
PRT,2010,5.396666666666667,12.5833333333333
PRT,2011,10.240833333333333,13.533333333333331
PRT,2012,10.5475,16.566666666666666
PRT,2013,6.29416666666667,17.241666666666667
PRT,2014,3.753333333333334,14.65
PRT,2015,2.42333333333333,12.983333333333333
PRT,2016,3.1725,11.475
PRT,2017,3.0525,9.241666666666667
PRT,2018,1.84,7.15
PRT,2019,0.7575,6.65
PRT,2020,0.416666666666667,7.108333333333333
PRT,2021,0.295,6.7333333333333325
PRT,2022,2.17,6.174999999999999
PRT,2023,3.2375000000000003,6.566666666666667
PRT,2024,2.9575,6.458333333333334
RUS,2000,35.1633333333333,
RUS,2001,19.3833333333333,
RUS,2002,15.8241666666667,
RUS,2003,9.115,
RUS,2004,8.28916666666667,
RUS,2005,8.1075,
RUS,2006,6.97666666666667,
RUS,2007,6.7175,
RUS,2008,7.52333333333333,
RUS,2009,9.87416666666666,
RUS,2010,7.83166666666667,
RUS,2011,8.06083333333333,
RUS,2012,8.15416666666666,
RUS,2013,7.33083333333334,
RUS,2014,8.46416666666666,
RUS,2015,10.8866666666667,
RUS,2016,10.4383333333333,
RUS,2017,8.9925,
SVK,2000,,18.9083333333333
SVK,2001,8.04334925852322,19.4583333333333
SVK,2002,6.93437321914981,18.8083333333333
SVK,2003,4.98586583333333,17.6916666666667
SVK,2004,5.02614344166667,18.3583333333333
SVK,2005,3.521579771875,16.375
SVK,2006,4.412181215625,13.4666666666667
SVK,2007,4.49072595625,11.2333333333333
SVK,2008,4.72318268611633,9.575
SVK,2009,4.70651225,12.0833333333333
SVK,2010,3.87164658333333,14.433333333333334
SVK,2011,4.44820558333333,13.6083333333333
SVK,2012,4.55323091666667,13.9
SVK,2013,3.18637683333333,14.1333333333333
SVK,2014,2.07170141666667,13.1
SVK,2015,0.88525,11.4666666666667
SVK,2016,0.54440925,9.65833333333333
SVK,2017,0.915360666666666,8.08333333333334
SVK,2018,0.885511,6.50833333333333
SVK,2019,0.24631075,5.71666666666667
SVK,2020,-0.03828775,6.65833333333333
SVK,2021,-0.0802351666666667,6.825
SVK,2022,2.07405458333333,6.15
SVK,2023,3.649201916666667,5.8500000000000005
SVK,2024,3.4734611666666666,5.3500000000000005
SVN,2000,,6.74166666666667
SVN,2001,,6.19166666666667
SVN,2002,,6.34166666666667
SVN,2003,6.40166666666667,6.7
SVN,2004,4.68333333333333,6.34166666666667
SVN,2005,3.80666666666667,6.54166666666667
SVN,2006,3.85333333333333,5.99166666666667
SVN,2007,4.53075,4.85833333333333
SVN,2008,4.60633333333333,4.39166666666667
SVN,2009,4.375,5.85
SVN,2010,3.8325,7.25833333333333
SVN,2011,4.97091666666667,8.18333333333333
SVN,2012,5.80833333333333,8.85
SVN,2013,5.81166666666667,10.1083333333333
SVN,2014,3.27,9.7
SVN,2015,1.705,8.98333333333333
SVN,2016,1.14916666666667,8.00833333333333
SVN,2017,0.96,6.575
SVN,2018,0.930833333333333,5.125
SVN,2019,0.275,4.44166666666667
SVN,2020,0.079,4.98333333333333
SVN,2021,0.0708333333333333,4.775
SVN,2022,1.89183333333333,4.025
SVN,2023,3.4041666666666663,3.6583333333333337
SVN,2024,3.109166666666667,3.708333333333333
SWE,2000,5.3675,5.6
SWE,2001,5.1075,5.825
SWE,2002,5.30333333333333,5.95
SWE,2003,4.63833333333333,6.56666666666667
SWE,2004,4.425,7.375
SWE,2005,3.3825,7.78333333333333
SWE,2006,3.70416666666667,7.24166666666667
SWE,2007,4.1675,6.31666666666666
SWE,2008,3.8875,6.35
SWE,2009,3.25,8.48333333333334
SWE,2010,2.89333333333333,8.775
SWE,2011,2.605,7.95
SWE,2012,1.5925,8.15
SWE,2013,2.12083333333333,8.20833333333333
SWE,2014,1.72,8.1
SWE,2015,0.719166666666666,7.59166666666667
SWE,2016,0.519166666666667,7.15
SWE,2017,0.655,6.85833333333333
SWE,2018,0.651666666666667,6.475
SWE,2019,0.0937583333333333,6.90833333333333
SWE,2020,-0.0380022333333333,8.48333333333334
SWE,2021,0.2678813333333332,8.89166666666667
SWE,2022,1.5237366666666663,7.48333333333333
SWE,2023,2.509334166666667,7.666666666666666
SWE,2024,2.20027,8.35
TUR,2005,,9.50833333333334
TUR,2006,,9.06666666666667
TUR,2007,,9.15833333333333
TUR,2008,,10.025
TUR,2009,,13.0416666666667
TUR,2010,,11.15
TUR,2011,,9.14166666666666
TUR,2012,,8.43333333333333
TUR,2013,,9.05
TUR,2014,,9.883333333333336
TUR,2015,,10.3333333333333
TUR,2016,,10.9083333333333
TUR,2017,,10.925
TUR,2018,,10.891666666666667
TUR,2019,,13.741666666666664
TUR,2020,,13.1416666666667
TUR,2021,,12.0333333333333
TUR,2022,,10.4833333333333
TUR,2023,,9.391666666666666
TUR,2024,,8.741666666666665
USA,2000,6.02916666666667,3.99166666666667
USA,2001,5.0175,4.73333333333333
USA,2002,4.61083333333333,5.775
USA,2003,4.015,5.99166666666667
USA,2004,4.27416666666667,5.53333333333333
USA,2005,4.29,5.06666666666667
USA,2006,4.79166666666667,4.61666666666667
USA,2007,4.62916666666667,4.61666666666667
USA,2008,3.66666666666667,5.775
USA,2009,3.25666666666667,9.26666666666667
USA,2010,3.21416666666667,9.61666666666666
USA,2011,2.78583333333333,8.95
USA,2012,1.8025,8.06666666666667
USA,2013,2.35083333333333,7.375
USA,2014,2.54083333333333,6.16666666666667
USA,2015,2.13583333333333,5.29166666666667
USA,2016,1.84166666666667,4.86666666666667
USA,2017,2.33,4.35
USA,2018,2.91,3.9
USA,2019,2.14416666666667,3.66666666666667
USA,2020,0.894166666666666,8.09166666666667
USA,2021,1.4425,5.36666666666667
USA,2022,2.95166666666667,3.65
USA,2023,3.9575,3.63333333333333
USA,2024,4.208333333333333,4.016666666666667
ZAF,2000,13.7866666666667,
ZAF,2001,11.4066666666667,
ZAF,2002,11.508879253469638,
ZAF,2003,9.61731799029854,
ZAF,2004,9.51529322991823,
ZAF,2005,8.067033910533912,
ZAF,2006,7.934869262617326,
ZAF,2007,7.987630577175973,
ZAF,2008,9.091066614576626,
ZAF,2009,8.691193971286362,
ZAF,2010,8.615416258449153,
ZAF,2011,8.514085009873169,
ZAF,2012,7.90279884026051,
ZAF,2013,7.719594125300076,
ZAF,2014,8.243853396666898,
ZAF,2015,8.159151388022096,
ZAF,2016,9.016840595807702,
ZAF,2017,9.054001690389075,
ZAF,2018,9.12757642872002,
ZAF,2019,9.07257479651038,
ZAF,2020,10.073242320392549,
ZAF,2021,9.78973226627174,
ZAF,2022,10.736487212349054,
ZAF,2023,11.623916691424045,
ZAF,2024,11.16962595223236,
